,,,,,,,,,Size classes [drop diameter in Âµm],,,,,,,,,,,,,,,,,,,,,,,,,,,,,,,,,,,,,,,,,,,,,,,,,,,,,,,,,,,,,,,,,,,,,,,,,,,,,,,,,,,,,,,,,,,,,,,,,,,,
Record Number,Sample Name,Measurement Date Time,Dx (10),Dx (50),Dx (90),Laser Obscuration,Stirrer Speed Demand,D [4;3],0.01,0.0114,0.0129,0.0147,0.0167,0.0189,0.0215,0.0244,0.0278,0.0315,0.0358,0.0407,0.0463,0.0526,0.0597,0.0679,0.0771,0.0876,0.0995,0.113,0.128,0.146,0.166,0.188,0.214,0.243,0.276,0.314,0.357,0.405,0.46,0.523,0.594,0.675,0.767,0.872,0.991,1.13,1.28,1.45,1.65,1.88,2.13,2.42,2.75,3.12,3.55,4.03,4.58,5.21,5.92,6.72,7.64,8.68,9.86,11.2,12.7,14.5,16.4,18.7,21.2,24.1,27.4,31.1,35.3,40.1,45.6,51.8,58.9,66.9,76,86.4,98.1,111,127,144,163,186,211,240,272,310,352,400,454,516,586,666,756,859,976,1110,1260,1430,1630,1850,2100,2390,2710,3080,3500
1,beta 2306 a linear,6/23/2017 10:01,36.8,58.8,89.7,0,2990,61.2,0,0,0,0,0,0,0,0,0,0,0,0,0,0,0,0,0,0,0,0,0,0,0,0,0,0,0,0,0,0,0,0,0,0,0,0,0,0,0,0,0,0,0,0,0,0,0,0,0,0,0,0,0,0,0,0,0,0,0,0,0.22,0.94,2.31,4.36,6.92,9.66,12.09,13.71,14.08,12.99,10.57,7.34,4.04,0.77,0,0,0,0,0,0,0,0,0,0,0,0,0,0,0,0,0,0,0,0,0,0,0,0,0,0,0
2,beta 2306 a linear,6/23/2017 10:01,31.5,51.6,80.3,0,2990,53.9,0,0,0,0,0,0,0,0,0,0,0,0,0,0,0,0,0,0,0,0,0,0,0,0,0,0,0,0,0,0,0,0,0,0,0,0,0,0,0,0,0,0,0,0,0,0,0,0,0,0,0,0,0,0,0,0,0,0,0.07,0.45,1.31,2.73,4.7,7.05,9.5,11.65,13.07,13.41,12.48,10.37,7.47,4.4,1.34,0,0,0,0,0,0,0,0,0,0,0,0,0,0,0,0,0,0,0,0,0,0,0,0,0,0,0,0
3,beta 2306 a linear,6/23/2017 10:02,28.5,47.2,73.8,0,2990,49.3,0,0,0,0,0,0,0,0,0,0,0,0,0,0,0,0,0,0,0,0,0,0,0,0,0,0,0,0,0,0,0,0,0,0,0,0,0,0,0,0,0,0,0,0,0,0,0,0,0,0,0,0,0,0,0,0,0,0,0.36,1.11,2.37,4.15,6.34,8.71,10.9,12.52,13.22,12.74,11.08,8.5,5.5,2.49,0.01,0,0,0,0,0,0,0,0,0,0,0,0,0,0,0,0,0,0,0,0,0,0,0,0,0,0,0,0
4,beta 2306 a linear,6/23/2017 10:03,26.5,44.3,70,0,2990,46.4,0,0,0,0,0,0,0,0,0,0,0,0,0,0,0,0,0,0,0,0,0,0,0,0,0,0,0,0,0,0,0,0,0,0,0,0,0,0,0,0,0,0,0,0,0,0,0,0,0,0,0,0,0,0,0,0,0,0.2,0.76,1.78,3.29,5.26,7.5,9.74,11.62,12.77,12.89,11.86,9.79,7.04,4.17,1.31,0,0,0,0,0,0,0,0,0,0,0,0,0,0,0,0,0,0,0,0,0,0,0,0,0,0,0,0,0
5,beta 2306 a linear,6/23/2017 10:03,25.1,42.4,67,0,2990,44.5,0,0,0,0,0,0,0,0,0,0,0,0,0,0,0,0,0,0,0,0,0,0,0,0,0,0,0,0,0,0,0,0,0,0,0,0,0,0,0,0,0,0,0,0,0,0,0,0,0,0,0,0,0,0,0,0,0.07,0.42,1.15,2.36,4.02,6.06,8.26,10.34,11.94,12.74,12.49,11.15,8.9,6.13,3.36,0.61,0,0,0,0,0,0,0,0,0,0,0,0,0,0,0,0,0,0,0,0,0,0,0,0,0,0,0,0,0
6,beta 2306 a linear,6/23/2017 10:04,24.1,40.8,64.9,0,2990,42.7,0,0,0,0,0,0,0,0,0,0,0,0,0,0,0,0,0,0,0,0,0,0,0,0,0,0,0,0,0,0,0,0,0,0,0,0,0,0,0,0,0,0,0,0,0,0,0,0,0,0,0,0,0,0,0,0,0.17,0.66,1.56,2.9,4.67,6.73,8.87,10.79,12.15,12.64,12.1,10.53,8.15,5.41,2.65,0.01,0,0,0,0,0,0,0,0,0,0,0,0,0,0,0,0,0,0,0,0,0,0,0,0,0,0,0,0,0
7,beta 2306 a linear,6/23/2017 10:04,22.9,39.3,63.4,0,2990,41.4,0,0,0,0,0,0,0,0,0,0,0,0,0,0,0,0,0,0,0,0,0,0,0,0,0,0,0,0,0,0,0,0,0,0,0,0,0,0,0,0,0,0,0,0,0,0,0,0,0,0,0,0,0,0,0,0.08,0.36,0.98,2.01,3.46,5.28,7.31,9.34,11.04,12.13,12.33,11.54,9.81,7.42,4.77,2.13,0.01,0,0,0,0,0,0,0,0,0,0,0,0,0,0,0,0,0,0,0,0,0,0,0,0,0,0,0,0,0
8,beta 2306 a linear,6/23/2017 10:05,22,38,61.8,0,2990,40.1,0,0,0,0,0,0,0,0,0,0,0,0,0,0,0,0,0,0,0,0,0,0,0,0,0,0,0,0,0,0,0,0,0,0,0,0,0,0,0,0,0,0,0,0,0,0,0,0,0,0,0,0,0,0,0,0.18,0.56,1.29,2.42,3.96,5.82,7.83,9.75,11.27,12.11,12.05,11.03,9.16,6.73,4.18,1.64,0.01,0,0,0,0,0,0,0,0,0,0,0,0,0,0,0,0,0,0,0,0,0,0,0,0,0,0,0,0,0
9,beta 2306 a linear,6/23/2017 10:06,20.3,36.7,60.3,0,2990,38.6,0,0,0,0,0,0,0,0,0,0,0,0,0,0,0,0,0,0,0,0,0,0,0,0,0,0,0,0,0,0,0,0,0,0,0,0,0,0,0,0,0,0,0,0,0,0.07,0.14,0.22,0.28,0.32,0.33,0.28,0.19,0.1,0.09,0.26,0.7,1.49,2.68,4.24,6.08,8.02,9.81,11.16,11.82,11.59,10.44,8.53,6.14,3.72,1.3,0,0,0,0,0,0,0,0,0,0,0,0,0,0,0,0,0,0,0,0,0,0,0,0,0,0,0,0,0,0
10,beta 2306 a linear,6/23/2017 10:07,19.6,35.7,58.9,0,2990,37.6,0,0,0,0,0,0,0,0,0,0,0,0,0,0,0,0,0,0,0,0,0,0,0,0,0,0,0,0,0,0,0,0,0,0,0,0,0,0,0,0,0,0,0,0,0,0.08,0.16,0.23,0.28,0.31,0.31,0.26,0.18,0.11,0.15,0.39,0.91,1.78,3.04,4.64,6.48,8.37,10.04,11.24,11.7,11.29,10.01,8.04,5.68,3.33,0.98,0,0,0,0,0,0,0,0,0,0,0,0,0,0,0,0,0,0,0,0,0,0,0,0,0,0,0,0,0,0
11,beta 2306 a linear,6/23/2017 10:07,19.1,35,58,0,2990,36.8,0,0,0,0,0,0,0,0,0,0,0,0,0,0,0,0,0,0,0,0,0,0,0,0,0,0,0,0,0,0,0,0,0,0,0,0,0,0,0,0,0,0,0,0,0,0.1,0.17,0.24,0.29,0.31,0.3,0.25,0.17,0.13,0.21,0.49,1.07,2,3.3,4.94,6.77,8.61,10.2,11.28,11.62,11.09,9.72,7.7,5.36,3.02,0.69,0,0,0,0,0,0,0,0,0,0,0,0,0,0,0,0,0,0,0,0,0,0,0,0,0,0,0,0,0,0
12,beta 2306 a linear,6/23/2017 10:08,18.9,34.5,57.5,0,2990,36.4,0,0,0,0,0,0,0,0,0,0,0,0,0,0,0,0,0,0,0,0,0,0,0,0,0,0,0,0,0,0,0,0,0,0,0,0,0,0,0,0,0,0,0,0,0,0.1,0.18,0.24,0.28,0.3,0.28,0.24,0.17,0.15,0.25,0.57,1.19,2.16,3.49,5.13,6.95,8.75,10.28,11.27,11.51,10.91,9.5,7.48,5.17,2.87,0.57,0,0,0,0,0,0,0,0,0,0,0,0,0,0,0,0,0,0,0,0,0,0,0,0,0,0,0,0,0,0
13,beta 2306 a linear,6/23/2017 10:08,18.6,34.2,57.2,0,2990,36.1,0,0,0,0,0,0,0,0,0,0,0,0,0,0,0,0,0,0,0,0,0,0,0,0,0,0,0,0,0,0,0,0,0,0,0,0,0,0,0,0,0,0,0,0,0,0.11,0.18,0.25,0.28,0.3,0.28,0.24,0.18,0.17,0.3,0.65,1.29,2.28,3.62,5.26,7.07,8.83,10.3,11.23,11.42,10.77,9.34,7.33,5.05,2.77,0.5,0,0,0,0,0,0,0,0,0,0,0,0,0,0,0,0,0,0,0,0,0,0,0,0,0,0,0,0,0,0
14,beta 2306 a linear,6/23/2017 10:09,18.3,33.8,56.8,0,2990,35.7,0,0,0,0,0,0,0,0,0,0,0,0,0,0,0,0,0,0,0,0,0,0,0,0,0,0,0,0,0,0,0,0,0,0,0,0,0,0,0,0,0,0,0,0,0,0.12,0.19,0.25,0.28,0.29,0.27,0.23,0.19,0.19,0.34,0.72,1.39,2.41,3.78,5.42,7.21,8.93,10.35,11.21,11.33,10.63,9.17,7.15,4.9,2.64,0.4,0,0,0,0,0,0,0,0,0,0,0,0,0,0,0,0,0,0,0,0,0,0,0,0,0,0,0,0,0,0
15,beta 2306 a linear,6/23/2017 10:09,18,33.6,56.5,0,2990,35.4,0,0,0,0,0,0,0,0,0,0,0,0,0,0,0,0,0,0,0,0,0,0,0,0,0,0,0,0,0,0,0,0,0,0,0,0,0,0,0,0,0,0,0,0,0,0.12,0.2,0.25,0.28,0.29,0.27,0.24,0.2,0.22,0.39,0.79,1.48,2.52,3.89,5.53,7.3,8.98,10.35,11.16,11.24,10.5,9.03,7.02,4.8,2.58,0.36,0,0,0,0,0,0,0,0,0,0,0,0,0,0,0,0,0,0,0,0,0,0,0,0,0,0,0,0,0,0
16,beta 2306 a linear,6/23/2017 10:10,17.7,33.3,56.3,0,2990,35.2,0,0,0,0,0,0,0,0,0,0,0,0,0,0,0,0,0,0,0,0,0,0,0,0,0,0,0,0,0,0,0,0,0,0,0,0,0,0,0,0,0,0,0,0,0,0.13,0.2,0.25,0.28,0.28,0.27,0.24,0.21,0.25,0.45,0.87,1.59,2.64,4.02,5.65,7.38,9.03,10.34,11.09,11.12,10.36,8.88,6.9,4.71,2.53,0.36,0,0,0,0,0,0,0,0,0,0,0,0,0,0,0,0,0,0,0,0,0,0,0,0,0,0,0,0,0,0
17,beta 2306 a linear,6/23/2017 10:10,17.5,33.1,56.3,0,2990,35.1,0,0,0,0,0,0,0,0,0,0,0,0,0,0,0,0,0,0,0,0,0,0,0,0,0,0,0,0,0,0,0,0,0,0,0,0,0,0,0,0,0,0,0,0,0,0.13,0.2,0.25,0.27,0.28,0.27,0.24,0.23,0.29,0.5,0.95,1.68,2.74,4.11,5.72,7.42,9.02,10.28,10.99,10.99,10.22,8.76,6.81,4.68,2.54,0.41,0,0,0,0,0,0,0,0,0,0,0,0,0,0,0,0,0,0,0,0,0,0,0,0,0,0,0,0,0,0
18,beta 2306 a linear,6/23/2017 10:11,17.2,32.8,55.9,0,2990,34.7,0,0,0,0,0,0,0,0,0,0,0,0,0,0,0,0,0,0,0,0,0,0,0,0,0,0,0,0,0,0,0,0,0,0,0,0,0,0,0,0,0,0,0,0,0.07,0.14,0.2,0.25,0.28,0.28,0.27,0.25,0.24,0.31,0.54,1,1.75,2.83,4.21,5.82,7.51,9.08,10.31,10.98,10.93,10.12,8.64,6.68,4.56,2.43,0.31,0,0,0,0,0,0,0,0,0,0,0,0,0,0,0,0,0,0,0,0,0,0,0,0,0,0,0,0,0,0
19,beta 2306 a linear,6/23/2017 10:11,17,32.4,55.2,0,2990,34.3,0,0,0,0,0,0,0,0,0,0,0,0,0,0,0,0,0,0,0,0,0,0,0,0,0,0,0,0,0,0,0,0,0,0,0,0,0,0,0,0,0,0,0,0,0.07,0.15,0.21,0.26,0.28,0.28,0.27,0.25,0.25,0.33,0.58,1.07,1.85,2.95,4.36,5.98,7.66,9.21,10.39,11,10.89,10.01,8.48,6.49,4.37,2.24,0.12,0,0,0,0,0,0,0,0,0,0,0,0,0,0,0,0,0,0,0,0,0,0,0,0,0,0,0,0,0,0
20,beta 2306 a linear,6/23/2017 10:12,16.9,32.3,55.3,0,2990,34.2,0,0,0,0,0,0,0,0,0,0,0,0,0,0,0,0,0,0,0,0,0,0,0,0,0,0,0,0,0,0,0,0,0,0,0,0,0,0,0,0,0,0,0,0,0.07,0.15,0.21,0.26,0.28,0.28,0.27,0.26,0.27,0.37,0.63,1.13,1.91,3.02,4.41,6.01,7.66,9.17,10.32,10.9,10.78,9.91,8.4,6.46,4.37,2.28,0.21,0,0,0,0,0,0,0,0,0,0,0,0,0,0,0,0,0,0,0,0,0,0,0,0,0,0,0,0,0,0
21,beta 2306 a linear,6/23/2017 10:13,16.7,32.2,55.3,0,2990,34.1,0,0,0,0,0,0,0,0,0,0,0,0,0,0,0,0,0,0,0,0,0,0,0,0,0,0,0,0,0,0,0,0,0,0,0,0,0,0,0,0,0,0,0,0,0.08,0.15,0.21,0.26,0.28,0.28,0.28,0.27,0.29,0.4,0.67,1.18,1.97,3.08,4.46,6.05,7.68,9.17,10.29,10.84,10.7,9.84,8.34,6.41,4.34,2.28,0.22,0,0,0,0,0,0,0,0,0,0,0,0,0,0,0,0,0,0,0,0,0,0,0,0,0,0,0,0,0,0
22,beta 2306 a linear,6/23/2017 10:13,16.6,32.2,55.8,0,2990,34.3,0,0,0,0,0,0,0,0,0,0,0,0,0,0,0,0,0,0,0,0,0,0,0,0,0,0,0,0,0,0,0,0,0,0,0,0,0,0,0,0,0,0,0,0,0.08,0.15,0.22,0.26,0.28,0.28,0.28,0.28,0.31,0.43,0.71,1.23,2.03,3.13,4.51,6.07,7.67,9.11,10.18,10.7,10.54,9.68,8.2,6.32,4.3,2.45,0.61,0,0,0,0,0,0,0,0,0,0,0,0,0,0,0,0,0,0,0,0,0,0,0,0,0,0,0,0,0,0
23,beta 2306 a linear,6/23/2017 10:14,16.4,31.9,55.2,0,2990,33.9,0,0,0,0,0,0,0,0,0,0,0,0,0,0,0,0,0,0,0,0,0,0,0,0,0,0,0,0,0,0,0,0,0,0,0,0,0,0,0,0,0,0,0,0,0.08,0.16,0.22,0.27,0.28,0.29,0.28,0.28,0.32,0.45,0.75,1.28,2.1,3.22,4.61,6.18,7.77,9.2,10.25,10.73,10.52,9.6,8.08,6.16,4.14,2.3,0.48,0,0,0,0,0,0,0,0,0,0,0,0,0,0,0,0,0,0,0,0,0,0,0,0,0,0,0,0,0,0
24,beta 2306 a linear,6/23/2017 10:14,16.2,31.7,55.2,0,2990,33.8,0,0,0,0,0,0,0,0,0,0,0,0,0,0,0,0,0,0,0,0,0,0,0,0,0,0,0,0,0,0,0,0,0,0,0,0,0,0,0,0,0,0,0,0,0.09,0.16,0.22,0.26,0.28,0.28,0.28,0.29,0.34,0.48,0.79,1.34,2.17,3.29,4.67,6.22,7.79,9.18,10.2,10.65,10.43,9.51,8,6.11,4.12,2.31,0.51,0,0,0,0,0,0,0,0,0,0,0,0,0,0,0,0,0,0,0,0,0,0,0,0,0,0,0,0,0,0
25,beta 2306 a linear,6/23/2017 10:15,16.1,31.7,55.4,0,2990,33.8,0,0,0,0,0,0,0,0,0,0,0,0,0,0,0,0,0,0,0,0,0,0,0,0,0,0,0,0,0,0,0,0,0,0,0,0,0,0,0,0,0,0,0,0,0.08,0.16,0.22,0.26,0.28,0.29,0.29,0.31,0.36,0.51,0.83,1.38,2.21,3.32,4.68,6.21,7.75,9.12,10.12,10.56,10.35,9.46,7.99,6.13,4.17,2.37,0.58,0,0,0,0,0,0,0,0,0,0,0,0,0,0,0,0,0,0,0,0,0,0,0,0,0,0,0,0,0,0
26,beta 2306 a linear,6/23/2017 10:15,15.9,31.5,55.3,0,2990,33.7,0,0,0,0,0,0,0,0,0,0,0,0,0,0,0,0,0,0,0,0,0,0,0,0,0,0,0,0,0,0,0,0,0,0,0,0,0,0,0,0,0,0,0,0,0.09,0.16,0.23,0.27,0.29,0.29,0.3,0.32,0.38,0.54,0.88,1.44,2.28,3.4,4.76,6.27,7.79,9.13,10.09,10.5,10.26,9.35,7.88,6.05,4.11,2.35,0.59,0,0,0,0,0,0,0,0,0,0,0,0,0,0,0,0,0,0,0,0,0,0,0,0,0,0,0,0,0,0
27,beta 2306 a linear,6/23/2017 10:16,15.7,31.3,54.9,0,2990,33.4,0,0,0,0,0,0,0,0,0,0,0,0,0,0,0,0,0,0,0,0,0,0,0,0,0,0,0,0,0,0,0,0,0,0,0,0,0,0,0,0,0,0,0,0,0.09,0.17,0.23,0.27,0.29,0.3,0.31,0.33,0.4,0.57,0.92,1.49,2.34,3.47,4.83,6.34,7.85,9.17,10.11,10.49,10.22,9.29,7.8,5.95,4.01,2.25,0.51,0,0,0,0,0,0,0,0,0,0,0,0,0,0,0,0,0,0,0,0,0,0,0,0,0,0,0,0,0,0
28,beta 2306 a linear,6/23/2017 10:16,15.6,31.2,55.1,0,2990,33.4,0,0,0,0,0,0,0,0,0,0,0,0,0,0,0,0,0,0,0,0,0,0,0,0,0,0,0,0,0,0,0,0,0,0,0,0,0,0,0,0,0,0,0,0,0.09,0.17,0.23,0.27,0.29,0.3,0.31,0.34,0.42,0.6,0.96,1.54,2.4,3.52,4.87,6.36,7.85,9.14,10.04,10.41,10.13,9.2,7.74,5.93,4.02,2.29,0.57,0,0,0,0,0,0,0,0,0,0,0,0,0,0,0,0,0,0,0,0,0,0,0,0,0,0,0,0,0,0
29,beta 2306 a linear,6/23/2017 10:17,15.5,31.3,55.4,0,2990,33.5,0,0,0,0,0,0,0,0,0,0,0,0,0,0,0,0,0,0,0,0,0,0,0,0,0,0,0,0,0,0,0,0,0,0,0,0,0,0,0,0,0,0,0,0,0.09,0.17,0.23,0.27,0.29,0.31,0.32,0.36,0.44,0.63,0.99,1.57,2.41,3.52,4.86,6.33,7.79,9.06,9.95,10.32,10.06,9.17,7.75,5.97,4.1,2.37,0.66,0,0,0,0,0,0,0,0,0,0,0,0,0,0,0,0,0,0,0,0,0,0,0,0,0,0,0,0,0,0
30,beta 2306 a linear,6/23/2017 10:18,15.3,31,55,0,2990,33.2,0,0,0,0,0,0,0,0,0,0,0,0,0,0,0,0,0,0,0,0,0,0,0,0,0,0,0,0,0,0,0,0,0,0,0,0,0,0,0,0,0,0,0,0,0.1,0.17,0.23,0.28,0.3,0.31,0.33,0.37,0.46,0.66,1.03,1.63,2.48,3.6,4.94,6.41,7.86,9.11,9.98,10.31,10.01,9.09,7.64,5.86,3.98,2.28,0.59,0,0,0,0,0,0,0,0,0,0,0,0,0,0,0,0,0,0,0,0,0,0,0,0,0,0,0,0,0,0
31,beta 2306 a linear,6/23/2017 10:18,15.2,30.8,54.7,0,2990,33,0,0,0,0,0,0,0,0,0,0,0,0,0,0,0,0,0,0,0,0,0,0,0,0,0,0,0,0,0,0,0,0,0,0,0,0,0,0,0,0,0,0,0,0,0.1,0.18,0.24,0.28,0.3,0.31,0.33,0.38,0.48,0.69,1.07,1.68,2.54,3.67,5.01,6.48,7.91,9.14,9.99,10.29,9.97,9.02,7.55,5.76,3.89,2.21,0.53,0,0,0,0,0,0,0,0,0,0,0,0,0,0,0,0,0,0,0,0,0,0,0,0,0,0,0,0,0,0
32,beta 2306 a linear,6/23/2017 10:19,15.1,30.6,54.5,0,2990,32.8,0,0,0,0,0,0,0,0,0,0,0,0,0,0,0,0,0,0,0,0,0,0,0,0,0,0,0,0,0,0,0,0,0,0,0,0,0,0,0,0,0,0,0,0,0.1,0.18,0.24,0.28,0.3,0.32,0.34,0.39,0.5,0.71,1.11,1.72,2.6,3.72,5.06,6.51,7.93,9.14,9.97,10.25,9.92,8.96,7.49,5.71,3.85,2.17,0.51,0,0,0,0,0,0,0,0,0,0,0,0,0,0,0,0,0,0,0,0,0,0,0,0,0,0,0,0,0,0
33,beta 2306 a linear,6/23/2017 10:19,15,30.5,54.3,0,2990,32.7,0,0,0,0,0,0,0,0,0,0,0,0,0,0,0,0,0,0,0,0,0,0,0,0,0,0,0,0,0,0,0,0,0,0,0,0,0,0,0,0,0,0,0,0,0.11,0.18,0.24,0.29,0.31,0.32,0.35,0.4,0.51,0.73,1.13,1.75,2.63,3.77,5.11,6.56,7.97,9.16,9.97,10.23,9.87,8.9,7.43,5.64,3.8,2.14,0.49,0,0,0,0,0,0,0,0,0,0,0,0,0,0,0,0,0,0,0,0,0,0,0,0,0,0,0,0,0,0
34,beta 2306 a linear,6/23/2017 10:20,14.9,30.4,54.1,0,2990,32.5,0,0,0,0,0,0,0,0,0,0,0,0,0,0,0,0,0,0,0,0,0,0,0,0,0,0,0,0,0,0,0,0,0,0,0,0,0,0,0,0,0,0,0,0,0.11,0.19,0.25,0.29,0.31,0.33,0.35,0.41,0.53,0.76,1.16,1.79,2.68,3.82,5.16,6.6,8,9.18,9.97,10.21,9.83,8.85,7.36,5.57,3.73,2.09,0.45,0,0,0,0,0,0,0,0,0,0,0,0,0,0,0,0,0,0,0,0,0,0,0,0,0,0,0,0,0,0
35,beta 2306 a linear,6/23/2017 10:20,14.8,30.3,54.2,0,2990,32.5,0,0,0,0,0,0,0,0,0,0,0,0,0,0,0,0,0,0,0,0,0,0,0,0,0,0,0,0,0,0,0,0,0,0,0,0,0,0,0,0,0,0,0,0,0.11,0.19,0.25,0.29,0.31,0.33,0.36,0.42,0.55,0.78,1.19,1.82,2.71,3.84,5.17,6.59,7.98,9.14,9.92,10.16,9.78,8.81,7.35,5.58,3.76,2.12,0.49,0,0,0,0,0,0,0,0,0,0,0,0,0,0,0,0,0,0,0,0,0,0,0,0,0,0,0,0,0,0
36,beta 2306 a linear,6/23/2017 10:21,14.7,30.4,54.7,0,2990,32.7,0,0,0,0,0,0,0,0,0,0,0,0,0,0,0,0,0,0,0,0,0,0,0,0,0,0,0,0,0,0,0,0,0,0,0,0,0,0,0,0,0,0,0,0,0.11,0.18,0.25,0.29,0.32,0.34,0.37,0.44,0.57,0.81,1.22,1.85,2.72,3.84,5.14,6.54,7.9,9.04,9.8,10.05,9.7,8.77,7.37,5.65,3.87,2.24,0.62,0,0,0,0,0,0,0,0,0,0,0,0,0,0,0,0,0,0,0,0,0,0,0,0,0,0,0,0,0,0
37,beta 2306 a linear,6/23/2017 10:21,14.6,30.4,54.8,0,2990,32.7,0,0,0,0,0,0,0,0,0,0,0,0,0,0,0,0,0,0,0,0,0,0,0,0,0,0,0,0,0,0,0,0,0,0,0,0,0,0,0,0,0,0,0,0,0.11,0.18,0.24,0.29,0.32,0.34,0.38,0.45,0.59,0.84,1.25,1.89,2.76,3.87,5.16,6.54,7.87,8.99,9.74,9.98,9.64,8.73,7.34,5.66,3.9,2.28,0.67,0,0,0,0,0,0,0,0,0,0,0,0,0,0,0,0,0,0,0,0,0,0,0,0,0,0,0,0,0,0
38,beta 2306 a linear,6/23/2017 10:22,14.6,30.3,54.8,0,2990,32.6,0,0,0,0,0,0,0,0,0,0,0,0,0,0,0,0,0,0,0,0,0,0,0,0,0,0,0,0,0,0,0,0,0,0,0,0,0,0,0,0,0,0,0,0,0.11,0.18,0.25,0.29,0.32,0.34,0.39,0.46,0.61,0.86,1.28,1.92,2.8,3.9,5.19,6.56,7.88,8.98,9.71,9.94,9.59,8.68,7.3,5.63,3.88,2.27,0.68,0,0,0,0,0,0,0,0,0,0,0,0,0,0,0,0,0,0,0,0,0,0,0,0,0,0,0,0,0,0
39,beta 2306 a linear,6/23/2017 10:22,14.5,30.1,54.5,0,2990,32.4,0,0,0,0,0,0,0,0,0,0,0,0,0,0,0,0,0,0,0,0,0,0,0,0,0,0,0,0,0,0,0,0,0,0,0,0,0,0,0,0,0,0,0,0,0.11,0.19,0.25,0.29,0.32,0.35,0.4,0.48,0.62,0.88,1.31,1.95,2.84,3.94,5.23,6.6,7.92,9.01,9.73,9.94,9.57,8.63,7.24,5.55,3.8,2.21,0.62,0,0,0,0,0,0,0,0,0,0,0,0,0,0,0,0,0,0,0,0,0,0,0,0,0,0,0,0,0,0
40,beta 2306 a linear,6/23/2017 10:23,14.4,30.2,55,0,2990,32.6,0,0,0,0,0,0,0,0,0,0,0,0,0,0,0,0,0,0,0,0,0,0,0,0,0,0,0,0,0,0,0,0,0,0,0,0,0,0,0,0,0,0,0,0,0.11,0.18,0.25,0.29,0.32,0.36,0.41,0.49,0.64,0.91,1.34,1.98,2.85,3.94,5.2,6.54,7.83,8.91,9.62,9.84,9.5,8.62,7.27,5.63,3.91,2.32,0.73,0,0,0,0,0,0,0,0,0,0,0,0,0,0,0,0,0,0,0,0,0,0,0,0,0,0,0,0,0,0
41,beta 2306 a linear,6/23/2017 10:24,14.3,30.2,55.1,0,2990,32.6,0,0,0,0,0,0,0,0,0,0,0,0,0,0,0,0,0,0,0,0,0,0,0,0,0,0,0,0,0,0,0,0,0,0,0,0,0,0,0,0,0,0,0,0,0.11,0.19,0.25,0.29,0.33,0.36,0.42,0.51,0.66,0.93,1.37,2.01,2.87,3.96,5.21,6.54,7.81,8.87,9.57,9.79,9.45,8.58,7.25,5.63,3.93,2.34,0.77,0,0,0,0,0,0,0,0,0,0,0,0,0,0,0,0,0,0,0,0,0,0,0,0,0,0,0,0,0,0
42,beta 2306 a linear,6/23/2017 10:24,14.1,30,54.9,0,2990,32.4,0,0,0,0,0,0,0,0,0,0,0,0,0,0,0,0,0,0,0,0,0,0,0,0,0,0,0,0,0,0,0,0,0,0,0,0,0,0,0,0,0,0,0,0,0.12,0.19,0.25,0.3,0.33,0.37,0.43,0.52,0.68,0.96,1.4,2.05,2.92,4,5.25,6.57,7.83,8.87,9.56,9.76,9.41,8.52,7.19,5.58,3.88,2.31,0.74,0,0,0,0,0,0,0,0,0,0,0,0,0,0,0,0,0,0,0,0,0,0,0,0,0,0,0,0,0,0
43,beta 2306 a linear,6/23/2017 10:25,14.1,30,55,0,2990,32.4,0,0,0,0,0,0,0,0,0,0,0,0,0,0,0,0,0,0,0,0,0,0,0,0,0,0,0,0,0,0,0,0,0,0,0,0,0,0,0,0,0,0,0,0,0.12,0.19,0.25,0.3,0.34,0.38,0.44,0.53,0.7,0.98,1.42,2.07,2.93,4.01,5.25,6.56,7.8,8.84,9.52,9.71,9.37,8.5,7.19,5.59,3.9,2.34,0.77,0,0,0,0,0,0,0,0,0,0,0,0,0,0,0,0,0,0,0,0,0,0,0,0,0,0,0,0,0,0
44,beta 2306 a linear,6/23/2017 10:25,13.9,29.8,54.5,0,2990,32.2,0,0,0,0,0,0,0,0,0,0,0,0,0,0,0,0,0,0,0,0,0,0,0,0,0,0,0,0,0,0,0,0,0,0,0,0,0,0,0,0,0,0,0,0,0.12,0.2,0.26,0.31,0.35,0.39,0.45,0.55,0.72,1.01,1.46,2.11,2.99,4.08,5.32,6.63,7.87,8.89,9.55,9.72,9.34,8.44,7.09,5.47,3.78,2.23,0.68,0,0,0,0,0,0,0,0,0,0,0,0,0,0,0,0,0,0,0,0,0,0,0,0,0,0,0,0,0,0
45,beta 2306 a linear,6/23/2017 10:26,13.8,29.7,54.6,0,2990,32.1,0,0,0,0,0,0,0,0,0,0,0,0,0,0,0,0,0,0,0,0,0,0,0,0,0,0,0,0,0,0,0,0,0,0,0,0,0,0,0,0,0,0,0,0,0.12,0.2,0.26,0.31,0.35,0.39,0.46,0.56,0.74,1.03,1.49,2.15,3.03,4.11,5.34,6.64,7.86,8.87,9.51,9.67,9.29,8.38,7.06,5.45,3.78,2.24,0.71,0,0,0,0,0,0,0,0,0,0,0,0,0,0,0,0,0,0,0,0,0,0,0,0,0,0,0,0,0,0
46,beta 2306 a linear,6/23/2017 10:26,13.7,29.6,54.2,0,2990,32,0,0,0,0,0,0,0,0,0,0,0,0,0,0,0,0,0,0,0,0,0,0,0,0,0,0,0,0,0,0,0,0,0,0,0,0,0,0,0,0,0,0,0,0,0.13,0.2,0.27,0.32,0.36,0.4,0.47,0.57,0.75,1.05,1.51,2.17,3.05,4.14,5.38,6.67,7.9,8.9,9.53,9.68,9.28,8.36,7.01,5.39,3.71,2.17,0.64,0,0,0,0,0,0,0,0,0,0,0,0,0,0,0,0,0,0,0,0,0,0,0,0,0,0,0,0,0,0
47,beta 2306 a linear,6/23/2017 10:27,13.6,29.5,54.2,0,2990,31.9,0,0,0,0,0,0,0,0,0,0,0,0,0,0,0,0,0,0,0,0,0,0,0,0,0,0,0,0,0,0,0,0,0,0,0,0,0,0,0,0,0,0,0,0,0.13,0.2,0.27,0.32,0.36,0.4,0.47,0.58,0.77,1.07,1.53,2.2,3.08,4.17,5.4,6.69,7.9,8.89,9.51,9.64,9.24,8.32,6.97,5.36,3.69,2.17,0.65,0,0,0,0,0,0,0,0,0,0,0,0,0,0,0,0,0,0,0,0,0,0,0,0,0,0,0,0,0,0
48,beta 2306 a linear,6/23/2017 10:28,13.6,29.6,55.1,0,2990,32.2,0,0,0,0,0,0,0,0,0,0,0,0,0,0,0,0,0,0,0,0,0,0,0,0,0,0,0,0,0,0,0,0,0,0,0,0,0,0,0,0,0,0,0,0,0.13,0.2,0.27,0.32,0.36,0.41,0.48,0.6,0.78,1.09,1.56,2.22,3.09,4.15,5.36,6.62,7.8,8.76,9.37,9.51,9.13,8.26,6.97,5.42,3.8,2.29,1.08,0,0,0,0,0,0,0,0,0,0,0,0,0,0,0,0,0,0,0,0,0,0,0,0,0,0,0,0,0,0
49,beta 2306 a linear,6/23/2017 10:28,13.5,29.6,55.1,0,2990,32.2,0,0,0,0,0,0,0,0,0,0,0,0,0,0,0,0,0,0,0,0,0,0,0,0,0,0,0,0,0,0,0,0,0,0,0,0,0,0,0,0,0,0,0,0.06,0.13,0.2,0.27,0.32,0.36,0.41,0.49,0.61,0.8,1.1,1.57,2.23,3.1,4.16,5.36,6.61,7.78,8.73,9.34,9.48,9.11,8.24,6.96,5.42,3.79,2.29,1.08,0,0,0,0,0,0,0,0,0,0,0,0,0,0,0,0,0,0,0,0,0,0,0,0,0,0,0,0,0,0
50,beta 2306 a linear,6/23/2017 10:29,13.4,29.3,54.3,0,2990,31.8,0,0,0,0,0,0,0,0,0,0,0,0,0,0,0,0,0,0,0,0,0,0,0,0,0,0,0,0,0,0,0,0,0,0,0,0,0,0,0,0,0,0,0,0.06,0.13,0.21,0.27,0.33,0.37,0.42,0.5,0.62,0.82,1.13,1.61,2.28,3.16,4.23,5.43,6.69,7.86,8.81,9.39,9.51,9.11,8.21,6.9,5.34,3.7,2.2,0.7,0,0,0,0,0,0,0,0,0,0,0,0,0,0,0,0,0,0,0,0,0,0,0,0,0,0,0,0,0,0
51,beta 2306 a linear,6/23/2017 10:29,13.3,29.2,54,0,2990,31.6,0,0,0,0,0,0,0,0,0,0,0,0,0,0,0,0,0,0,0,0,0,0,0,0,0,0,0,0,0,0,0,0,0,0,0,0,0,0,0,0,0,0,0,0.07,0.14,0.21,0.28,0.33,0.38,0.43,0.51,0.63,0.84,1.15,1.64,2.31,3.2,4.27,5.48,6.73,7.9,8.83,9.4,9.5,9.08,8.16,6.84,5.26,3.63,2.13,0.65,0,0,0,0,0,0,0,0,0,0,0,0,0,0,0,0,0,0,0,0,0,0,0,0,0,0,0,0,0,0
52,beta 2306 a linear,6/23/2017 10:30,13.3,29.4,54.9,0,2990,31.9,0,0,0,0,0,0,0,0,0,0,0,0,0,0,0,0,0,0,0,0,0,0,0,0,0,0,0,0,0,0,0,0,0,0,0,0,0,0,0,0,0,0,0,0.06,0.13,0.21,0.28,0.33,0.38,0.44,0.52,0.64,0.84,1.16,1.63,2.3,3.17,4.22,5.41,6.64,7.79,8.71,9.29,9.41,9.02,8.15,6.87,5.34,3.73,2.25,1.05,0,0,0,0,0,0,0,0,0,0,0,0,0,0,0,0,0,0,0,0,0,0,0,0,0,0,0,0,0,0
53,beta 2306 a linear,6/23/2017 10:30,13.2,29.2,54.5,0,2990,31.7,0,0,0,0,0,0,0,0,0,0,0,0,0,0,0,0,0,0,0,0,0,0,0,0,0,0,0,0,0,0,0,0,0,0,0,0,0,0,0,0,0,0,0,0.07,0.14,0.21,0.28,0.33,0.38,0.44,0.52,0.66,0.86,1.19,1.67,2.35,3.22,4.28,5.47,6.69,7.83,8.74,9.3,9.4,8.98,8.09,6.79,5.25,3.65,2.18,1.01,0,0,0,0,0,0,0,0,0,0,0,0,0,0,0,0,0,0,0,0,0,0,0,0,0,0,0,0,0,0
54,beta 2306 a linear,6/23/2017 10:31,13.1,29.3,54.9,0,2990,31.9,0,0,0,0,0,0,0,0,0,0,0,0,0,0,0,0,0,0,0,0,0,0,0,0,0,0,0,0,0,0,0,0,0,0,0,0,0,0,0,0,0,0,0,0.07,0.13,0.21,0.28,0.34,0.39,0.45,0.54,0.67,0.88,1.21,1.69,2.35,3.22,4.26,5.43,6.64,7.76,8.67,9.23,9.34,8.95,8.09,6.83,5.32,3.73,2.26,1.07,0,0,0,0,0,0,0,0,0,0,0,0,0,0,0,0,0,0,0,0,0,0,0,0,0,0,0,0,0,0
55,beta 2306 a linear,6/23/2017 10:31,13,28.9,53.8,0,2990,31.4,0,0,0,0,0,0,0,0,0,0,0,0,0,0,0,0,0,0,0,0,0,0,0,0,0,0,0,0,0,0,0,0,0,0,0,0,0,0,0,0,0,0,0,0.07,0.14,0.22,0.29,0.35,0.4,0.46,0.55,0.69,0.9,1.23,1.72,2.4,3.28,4.34,5.53,6.74,7.87,8.78,9.32,9.4,8.97,8.06,6.75,5.2,3.59,2.12,0.65,0,0,0,0,0,0,0,0,0,0,0,0,0,0,0,0,0,0,0,0,0,0,0,0,0,0,0,0,0,0
56,beta 2306 a linear,6/23/2017 10:32,13,29.1,54.8,0,2990,31.7,0,0,0,0,0,0,0,0,0,0,0,0,0,0,0,0,0,0,0,0,0,0,0,0,0,0,0,0,0,0,0,0,0,0,0,0,0,0,0,0,0,0,0,0.07,0.14,0.21,0.28,0.34,0.4,0.46,0.55,0.69,0.91,1.24,1.73,2.4,3.27,4.31,5.46,6.66,7.76,8.65,9.19,9.29,8.89,8.03,6.78,5.28,3.7,2.24,1.06,0,0,0,0,0,0,0,0,0,0,0,0,0,0,0,0,0,0,0,0,0,0,0,0,0,0,0,0,0,0
57,beta 2306 a linear,6/23/2017 10:32,12.9,28.9,54.4,0,2990,31.5,0,0,0,0,0,0,0,0,0,0,0,0,0,0,0,0,0,0,0,0,0,0,0,0,0,0,0,0,0,0,0,0,0,0,0,0,0,0,0,0,0,0,0,0.07,0.14,0.22,0.29,0.35,0.4,0.47,0.56,0.7,0.93,1.26,1.76,2.44,3.31,4.36,5.53,6.72,7.82,8.7,9.22,9.29,8.87,7.97,6.69,5.18,3.6,2.15,1,0,0,0,0,0,0,0,0,0,0,0,0,0,0,0,0,0,0,0,0,0,0,0,0,0,0,0,0,0,0
58,beta 2306 a linear,6/23/2017 10:33,12.9,28.9,54.3,0,2990,31.5,0,0,0,0,0,0,0,0,0,0,0,0,0,0,0,0,0,0,0,0,0,0,0,0,0,0,0,0,0,0,0,0,0,0,0,0,0,0,0,0,0,0,0,0.07,0.14,0.22,0.29,0.35,0.41,0.47,0.57,0.72,0.94,1.28,1.78,2.46,3.33,4.37,5.54,6.72,7.82,8.69,9.2,9.27,8.85,7.95,6.68,5.16,3.59,2.14,0.99,0,0,0,0,0,0,0,0,0,0,0,0,0,0,0,0,0,0,0,0,0,0,0,0,0,0,0,0,0,0
59,beta 2306 a linear,6/23/2017 10:34,12.8,29.1,55,0,2990,31.7,0,0,0,0,0,0,0,0,0,0,0,0,0,0,0,0,0,0,0,0,0,0,0,0,0,0,0,0,0,0,0,0,0,0,0,0,0,0,0,0,0,0,0,0.07,0.14,0.22,0.29,0.35,0.41,0.48,0.58,0.73,0.96,1.3,1.79,2.45,3.31,4.32,5.45,6.61,7.69,8.55,9.08,9.18,8.81,7.98,6.77,5.31,3.76,2.3,1.11,0,0,0,0,0,0,0,0,0,0,0,0,0,0,0,0,0,0,0,0,0,0,0,0,0,0,0,0,0,0
60,beta 2306 a linear,6/23/2017 10:34,12.8,28.8,54.3,0,2990,31.4,0,0,0,0,0,0,0,0,0,0,0,0,0,0,0,0,0,0,0,0,0,0,0,0,0,0,0,0,0,0,0,0,0,0,0,0,0,0,0,0,0,0,0,0.08,0.15,0.22,0.29,0.36,0.42,0.49,0.59,0.74,0.97,1.32,1.82,2.5,3.37,4.4,5.55,6.72,7.79,8.64,9.15,9.21,8.79,7.91,6.65,5.15,3.59,2.15,1,0,0,0,0,0,0,0,0,0,0,0,0,0,0,0,0,0,0,0,0,0,0,0,0,0,0,0,0,0,0
61,beta 2306 a linear,6/23/2017 10:35,12.7,29,55.1,0,2990,31.7,0,0,0,0,0,0,0,0,0,0,0,0,0,0,0,0,0,0,0,0,0,0,0,0,0,0,0,0,0,0,0,0,0,0,0,0,0,0,0,0,0,0,0,0.07,0.14,0.22,0.29,0.35,0.42,0.49,0.6,0.75,0.99,1.33,1.82,2.49,3.34,4.35,5.47,6.61,7.67,8.51,9.02,9.11,8.74,7.92,6.73,5.3,3.77,2.33,1.14,0.01,0,0,0,0,0,0,0,0,0,0,0,0,0,0,0,0,0,0,0,0,0,0,0,0,0,0,0,0,0
62,beta 2306 a linear,6/23/2017 10:35,12.6,28.9,55,0,2990,31.6,0,0,0,0,0,0,0,0,0,0,0,0,0,0,0,0,0,0,0,0,0,0,0,0,0,0,0,0,0,0,0,0,0,0,0,0,0,0,0,0,0,0,0,0.08,0.14,0.22,0.29,0.36,0.42,0.5,0.61,0.77,1.01,1.36,1.86,2.53,3.38,4.39,5.5,6.63,7.67,8.5,8.99,9.07,8.69,7.87,6.69,5.26,3.75,2.32,1.14,0.01,0,0,0,0,0,0,0,0,0,0,0,0,0,0,0,0,0,0,0,0,0,0,0,0,0,0,0,0,0
63,beta 2306 a linear,6/23/2017 10:36,12.5,28.7,54.7,0,2990,31.4,0,0,0,0,0,0,0,0,0,0,0,0,0,0,0,0,0,0,0,0,0,0,0,0,0,0,0,0,0,0,0,0,0,0,0,0,0,0,0,0,0,0,0,0.08,0.15,0.23,0.3,0.36,0.43,0.51,0.62,0.78,1.03,1.38,1.89,2.57,3.43,4.44,5.55,6.68,7.71,8.52,9,9.06,8.66,7.82,6.62,5.19,3.68,2.26,1.1,0,0,0,0,0,0,0,0,0,0,0,0,0,0,0,0,0,0,0,0,0,0,0,0,0,0,0,0,0,0
64,beta 2306 a linear,6/23/2017 10:36,12.5,28.8,55.1,0,2990,31.6,0,0,0,0,0,0,0,0,0,0,0,0,0,0,0,0,0,0,0,0,0,0,0,0,0,0,0,0,0,0,0,0,0,0,0,0,0,0,0,0,0,0,0,0.08,0.15,0.22,0.3,0.36,0.43,0.51,0.62,0.79,1.03,1.38,1.88,2.55,3.4,4.4,5.5,6.62,7.65,8.46,8.95,9.03,8.65,7.84,6.67,5.26,3.76,2.34,1.16,0.01,0,0,0,0,0,0,0,0,0,0,0,0,0,0,0,0,0,0,0,0,0,0,0,0,0,0,0,0,0
65,beta 2306 a linear,6/23/2017 10:37,12.5,29.1,56.2,0,2990,32,0,0,0,0,0,0,0,0,0,0,0,0,0,0,0,0,0,0,0,0,0,0,0,0,0,0,0,0,0,0,0,0,0,0,0,0,0,0,0,0,0,0,0,0.07,0.14,0.22,0.29,0.36,0.43,0.52,0.63,0.8,1.05,1.4,1.9,2.56,3.39,4.36,5.42,6.51,7.5,8.29,8.78,8.88,8.55,7.81,6.72,5.39,3.95,2.56,1.36,0.17,0,0,0,0,0,0,0,0,0,0,0,0,0,0,0,0,0,0,0,0,0,0,0,0,0,0,0,0,0
66,beta 2306 a linear,6/23/2017 10:37,12.4,28.7,54.9,0,2990,31.4,0,0,0,0,0,0,0,0,0,0,0,0,0,0,0,0,0,0,0,0,0,0,0,0,0,0,0,0,0,0,0,0,0,0,0,0,0,0,0,0,0,0,0,0.08,0.15,0.23,0.3,0.37,0.44,0.53,0.65,0.82,1.06,1.42,1.93,2.6,3.45,4.44,5.53,6.64,7.65,8.44,8.92,8.98,8.59,7.78,6.61,5.21,3.72,2.31,1.14,0.01,0,0,0,0,0,0,0,0,0,0,0,0,0,0,0,0,0,0,0,0,0,0,0,0,0,0,0,0,0
67,beta 2306 a linear,6/23/2017 10:38,12.3,28.6,54.8,0,2990,31.3,0,0,0,0,0,0,0,0,0,0,0,0,0,0,0,0,0,0,0,0,0,0,0,0,0,0,0,0,0,0,0,0,0,0,0,0,0,0,0,0,0,0,0,0.08,0.15,0.23,0.31,0.38,0.45,0.54,0.66,0.83,1.09,1.45,1.96,2.63,3.48,4.47,5.56,6.65,7.65,8.44,8.9,8.95,8.56,7.74,6.57,5.17,3.69,2.29,1.12,0.01,0,0,0,0,0,0,0,0,0,0,0,0,0,0,0,0,0,0,0,0,0,0,0,0,0,0,0,0,0
68,beta 2306 a linear,6/23/2017 10:39,12.2,28.4,54.4,0,2990,31.1,0,0,0,0,0,0,0,0,0,0,0,0,0,0,0,0,0,0,0,0,0,0,0,0,0,0,0,0,0,0,0,0,0,0,0,0,0,0,0,0,0,0,0,0.08,0.16,0.24,0.31,0.38,0.46,0.55,0.67,0.84,1.09,1.46,1.97,2.65,3.5,4.5,5.59,6.69,7.7,8.48,8.94,8.98,8.57,7.73,6.53,5.1,3.6,2.19,1.05,0,0,0,0,0,0,0,0,0,0,0,0,0,0,0,0,0,0,0,0,0,0,0,0,0,0,0,0,0,0
69,beta 2306 a linear,6/23/2017 10:39,12.1,28.4,54.5,0,2990,31.1,0,0,0,0,0,0,0,0,0,0,0,0,0,0,0,0,0,0,0,0,0,0,0,0,0,0,0,0,0,0,0,0,0,0,0,0,0,0,0,0,0,0,0,0.09,0.16,0.24,0.31,0.38,0.46,0.55,0.67,0.85,1.11,1.48,2,2.68,3.53,4.52,5.61,6.69,7.68,8.45,8.89,8.92,8.51,7.68,6.5,5.1,3.61,2.23,1.08,0,0,0,0,0,0,0,0,0,0,0,0,0,0,0,0,0,0,0,0,0,0,0,0,0,0,0,0,0,0
70,beta 2306 a linear,6/23/2017 10:40,12.1,28.3,54.4,0,2990,31.1,0,0,0,0,0,0,0,0,0,0,0,0,0,0,0,0,0,0,0,0,0,0,0,0,0,0,0,0,0,0,0,0,0,0,0,0,0,0,0,0,0,0,0,0.09,0.16,0.24,0.32,0.39,0.46,0.55,0.68,0.86,1.12,1.49,2.01,2.69,3.54,4.53,5.61,6.7,7.69,8.46,8.9,8.92,8.51,7.67,6.48,5.07,3.59,2.2,1.07,0,0,0,0,0,0,0,0,0,0,0,0,0,0,0,0,0,0,0,0,0,0,0,0,0,0,0,0,0,0
71,beta 2306 a linear,6/23/2017 10:40,12.1,28.6,55.5,0,2990,31.5,0,0,0,0,0,0,0,0,0,0,0,0,0,0,0,0,0,0,0,0,0,0,0,0,0,0,0,0,0,0,0,0,0,0,0,0,0,0,0,0,0,0,0,0.08,0.15,0.23,0.31,0.38,0.46,0.56,0.69,0.87,1.13,1.5,2.01,2.67,3.5,4.46,5.51,6.57,7.53,8.29,8.74,8.8,8.45,7.68,6.58,5.24,3.8,2.43,1.26,0.1,0,0,0,0,0,0,0,0,0,0,0,0,0,0,0,0,0,0,0,0,0,0,0,0,0,0,0,0,0
72,beta 2306 a linear,6/23/2017 10:41,12.1,28.8,56.2,0,2990,31.8,0,0,0,0,0,0,0,0,0,0,0,0,0,0,0,0,0,0,0,0,0,0,0,0,0,0,0,0,0,0,0,0,0,0,0,0,0,0,0,0,0,0,0,0.08,0.15,0.23,0.31,0.38,0.46,0.56,0.69,0.88,1.14,1.51,2.01,2.66,3.47,4.42,5.44,6.48,7.43,8.18,8.64,8.73,8.41,7.69,6.64,5.34,3.93,2.56,1.37,0.2,0,0,0,0,0,0,0,0,0,0,0,0,0,0,0,0,0,0,0,0,0,0,0,0,0,0,0,0,0
73,beta 2306 a linear,6/23/2017 10:41,12,28.8,56.2,0,2990,31.7,0,0,0,0,0,0,0,0,0,0,0,0,0,0,0,0,0,0,0,0,0,0,0,0,0,0,0,0,0,0,0,0,0,0,0,0,0,0,0,0,0,0,0,0.08,0.15,0.23,0.31,0.39,0.47,0.57,0.7,0.89,1.15,1.52,2.03,2.68,3.49,4.44,5.46,6.49,7.43,8.18,8.63,8.71,8.38,7.66,6.61,5.31,3.91,2.55,1.37,0.2,0,0,0,0,0,0,0,0,0,0,0,0,0,0,0,0,0,0,0,0,0,0,0,0,0,0,0,0,0
74,beta 2306 a linear,6/23/2017 10:42,12,28.7,56.1,0,2990,31.6,0,0,0,0,0,0,0,0,0,0,0,0,0,0,0,0,0,0,0,0,0,0,0,0,0,0,0,0,0,0,0,0,0,0,0,0,0,0,0,0,0,0,0,0.08,0.15,0.23,0.31,0.39,0.47,0.58,0.71,0.9,1.17,1.54,2.05,2.71,3.52,4.46,5.48,6.5,7.43,8.16,8.6,8.68,8.35,7.63,6.58,5.3,3.9,2.54,1.36,0.19,0,0,0,0,0,0,0,0,0,0,0,0,0,0,0,0,0,0,0,0,0,0,0,0,0,0,0,0,0
75,beta 2306 a linear,6/23/2017 10:42,11.9,28.7,56.3,0,2990,31.7,0,0,0,0,0,0,0,0,0,0,0,0,0,0,0,0,0,0,0,0,0,0,0,0,0,0,0,0,0,0,0,0,0,0,0,0,0,0,0,0,0,0,0,0.08,0.15,0.23,0.31,0.39,0.48,0.58,0.72,0.91,1.18,1.56,2.07,2.72,3.53,4.46,5.47,6.48,7.4,8.13,8.56,8.64,8.32,7.62,6.58,5.31,3.93,2.57,1.39,0.23,0,0,0,0,0,0,0,0,0,0,0,0,0,0,0,0,0,0,0,0,0,0,0,0,0,0,0,0,0
76,beta 2306 a linear,6/23/2017 10:43,11.8,28.6,56,0,2990,31.5,0,0,0,0,0,0,0,0,0,0,0,0,0,0,0,0,0,0,0,0,0,0,0,0,0,0,0,0,0,0,0,0,0,0,0,0,0,0,0,0,0,0,0,0.09,0.16,0.24,0.32,0.4,0.49,0.59,0.73,0.93,1.2,1.58,2.09,2.74,3.55,4.49,5.5,6.51,7.43,8.15,8.58,8.64,8.31,7.59,6.54,5.26,3.87,2.52,1.35,0.19,0,0,0,0,0,0,0,0,0,0,0,0,0,0,0,0,0,0,0,0,0,0,0,0,0,0,0,0,0
77,beta 2306 a linear,6/23/2017 10:43,11.7,28.2,55.2,0,2990,31.1,0,0,0,0,0,0,0,0,0,0,0,0,0,0,0,0,0,0,0,0,0,0,0,0,0,0,0,0,0,0,0,0,0,0,0,0,0,0,0,0,0,0,0,0.09,0.16,0.24,0.32,0.4,0.49,0.6,0.74,0.94,1.22,1.61,2.13,2.81,3.63,4.58,5.6,6.62,7.53,8.23,8.63,8.66,8.28,7.52,6.42,5.11,3.71,2.37,1.23,0.1,0,0,0,0,0,0,0,0,0,0,0,0,0,0,0,0,0,0,0,0,0,0,0,0,0,0,0,0,0
78,beta 2306 a linear,6/23/2017 10:44,11.7,28.1,54.7,0,2990,30.9,0,0,0,0,0,0,0,0,0,0,0,0,0,0,0,0,0,0,0,0,0,0,0,0,0,0,0,0,0,0,0,0,0,0,0,0,0,0,0,0,0,0,0,0.09,0.17,0.25,0.33,0.41,0.5,0.61,0.76,0.95,1.23,1.62,2.14,2.81,3.64,4.59,5.62,6.64,7.57,8.28,8.69,8.71,8.32,7.53,6.41,5.06,3.63,2.27,1.14,0.02,0,0,0,0,0,0,0,0,0,0,0,0,0,0,0,0,0,0,0,0,0,0,0,0,0,0,0,0,0
79,beta 2306 a linear,6/23/2017 10:45,11.7,28.3,55.5,0,2990,31.2,0,0,0,0,0,0,0,0,0,0,0,0,0,0,0,0,0,0,0,0,0,0,0,0,0,0,0,0,0,0,0,0,0,0,0,0,0,0,0,0,0,0,0,0.09,0.16,0.24,0.33,0.41,0.5,0.61,0.76,0.96,1.25,1.63,2.15,2.82,3.63,4.56,5.56,6.56,7.46,8.16,8.56,8.6,8.25,7.51,6.45,5.16,3.77,2.43,1.28,0.14,0,0,0,0,0,0,0,0,0,0,0,0,0,0,0,0,0,0,0,0,0,0,0,0,0,0,0,0,0
80,beta 2306 a linear,6/23/2017 10:45,11.6,28.2,55.8,0,2990,31.3,0,0,0,0,0,0,0,0,0,0,0,0,0,0,0,0,0,0,0,0,0,0,0,0,0,0,0,0,0,0,0,0,0,0,0,0,0,0,0,0,0,0,0,0.09,0.16,0.25,0.33,0.41,0.5,0.62,0.77,0.97,1.26,1.65,2.17,2.84,3.65,4.57,5.57,6.55,7.44,8.12,8.51,8.54,8.18,7.46,6.42,5.16,3.8,2.48,1.34,0.21,0,0,0,0,0,0,0,0,0,0,0,0,0,0,0,0,0,0,0,0,0,0,0,0,0,0,0,0,0
81,beta 2306 a linear,6/23/2017 10:46,11.5,28.1,55.2,0,2990,31,0,0,0,0,0,0,0,0,0,0,0,0,0,0,0,0,0,0,0,0,0,0,0,0,0,0,0,0,0,0,0,0,0,0,0,0,0,0,0,0,0,0,0,0.1,0.17,0.25,0.34,0.42,0.51,0.63,0.78,0.99,1.27,1.67,2.19,2.86,3.67,4.61,5.61,6.6,7.49,8.17,8.56,8.58,8.21,7.45,6.38,5.08,3.7,2.37,1.24,0.11,0,0,0,0,0,0,0,0,0,0,0,0,0,0,0,0,0,0,0,0,0,0,0,0,0,0,0,0,0
82,beta 2306 a linear,6/23/2017 10:46,11.5,27.9,54.9,0,2990,30.9,0,0,0,0,0,0,0,0,0,0,0,0,0,0,0,0,0,0,0,0,0,0,0,0,0,0,0,0,0,0,0,0,0,0,0,0,0,0,0,0,0,0,0,0.1,0.17,0.26,0.34,0.43,0.52,0.64,0.79,1,1.29,1.68,2.21,2.88,3.7,4.64,5.64,6.63,7.51,8.19,8.57,8.58,8.19,7.42,6.34,5.03,3.65,2.32,1.2,0.09,0,0,0,0,0,0,0,0,0,0,0,0,0,0,0,0,0,0,0,0,0,0,0,0,0,0,0,0,0
83,beta 2306 a linear,6/23/2017 10:47,11.4,27.8,54.8,0,2990,30.8,0,0,0,0,0,0,0,0,0,0,0,0,0,0,0,0,0,0,0,0,0,0,0,0,0,0,0,0,0,0,0,0,0,0,0,0,0,0,0,0,0,0,0,0.1,0.17,0.26,0.34,0.43,0.53,0.64,0.8,1.01,1.3,1.7,2.24,2.91,3.73,4.67,5.66,6.65,7.52,8.19,8.55,8.55,8.15,7.38,6.3,5,3.62,2.31,1.19,0.09,0,0,0,0,0,0,0,0,0,0,0,0,0,0,0,0,0,0,0,0,0,0,0,0,0,0,0,0,0
84,beta 2306 a linear,6/23/2017 10:48,11.4,27.7,54.4,0,2990,30.6,0,0,0,0,0,0,0,0,0,0,0,0,0,0,0,0,0,0,0,0,0,0,0,0,0,0,0,0,0,0,0,0,0,0,0,0,0,0,0,0,0,0,0,0.1,0.18,0.26,0.35,0.44,0.54,0.65,0.81,1.02,1.31,1.71,2.24,2.92,3.74,4.68,5.68,6.67,7.55,8.22,8.59,8.58,8.17,7.38,6.27,4.96,3.56,2.24,1.13,0.03,0,0,0,0,0,0,0,0,0,0,0,0,0,0,0,0,0,0,0,0,0,0,0,0,0,0,0,0,0
85,beta 2306 a linear,6/23/2017 10:48,11.3,27.7,54.7,0,2990,30.6,0,0,0,0,0,0,0,0,0,0,0,0,0,0,0,0,0,0,0,0,0,0,0,0,0,0,0,0,0,0,0,0,0,0,0,0,0,0,0,0,0,0,0,0.1,0.18,0.26,0.35,0.44,0.54,0.66,0.82,1.03,1.33,1.73,2.26,2.94,3.76,4.68,5.67,6.65,7.52,8.17,8.54,8.53,8.13,7.36,6.27,4.97,3.59,2.27,1.16,0.07,0,0,0,0,0,0,0,0,0,0,0,0,0,0,0,0,0,0,0,0,0,0,0,0,0,0,0,0,0
86,beta 2306 a linear,6/23/2017 10:49,11.3,27.8,54.8,0,2990,30.7,0,0,0,0,0,0,0,0,0,0,0,0,0,0,0,0,0,0,0,0,0,0,0,0,0,0,0,0,0,0,0,0,0,0,0,0,0,0,0,0,0,0,0,0.1,0.18,0.26,0.35,0.45,0.55,0.67,0.83,1.04,1.33,1.73,2.26,2.93,3.74,4.66,5.65,6.62,7.49,8.16,8.52,8.52,8.13,7.37,6.28,4.99,3.61,2.29,1.18,0.08,0,0,0,0,0,0,0,0,0,0,0,0,0,0,0,0,0,0,0,0,0,0,0,0,0,0,0,0,0
87,beta 2306 a linear,6/23/2017 10:49,11.3,27.9,55.3,0,2990,30.9,0,0,0,0,0,0,0,0,0,0,0,0,0,0,0,0,0,0,0,0,0,0,0,0,0,0,0,0,0,0,0,0,0,0,0,0,0,0,0,0,0,0,0,0.1,0.18,0.26,0.35,0.44,0.54,0.67,0.83,1.05,1.34,1.75,2.28,2.94,3.75,4.66,5.63,6.58,7.43,8.08,8.43,8.44,8.07,7.34,6.3,5.04,3.7,2.39,1.27,0.16,0,0,0,0,0,0,0,0,0,0,0,0,0,0,0,0,0,0,0,0,0,0,0,0,0,0,0,0,0
88,beta 2306 a linear,6/23/2017 10:50,11.3,27.8,55.4,0,2990,30.9,0,0,0,0,0,0,0,0,0,0,0,0,0,0,0,0,0,0,0,0,0,0,0,0,0,0,0,0,0,0,0,0,0,0,0,0,0,0,0,0,0,0,0,0.1,0.18,0.26,0.35,0.45,0.55,0.68,0.84,1.06,1.36,1.76,2.29,2.95,3.75,4.65,5.62,6.57,7.41,8.06,8.42,8.43,8.06,7.33,6.29,5.04,3.7,2.4,1.28,0.17,0,0,0,0,0,0,0,0,0,0,0,0,0,0,0,0,0,0,0,0,0,0,0,0,0,0,0,0,0
89,beta 2306 a linear,6/23/2017 10:50,11.2,27.8,55.5,0,2990,30.9,0,0,0,0,0,0,0,0,0,0,0,0,0,0,0,0,0,0,0,0,0,0,0,0,0,0,0,0,0,0,0,0,0,0,0,0,0,0,0,0,0,0,0,0.1,0.18,0.26,0.35,0.45,0.55,0.68,0.85,1.07,1.37,1.78,2.31,2.97,3.77,4.67,5.63,6.56,7.39,8.02,8.37,8.38,8.01,7.29,6.27,5.04,3.71,2.42,1.31,0.2,0,0,0,0,0,0,0,0,0,0,0,0,0,0,0,0,0,0,0,0,0,0,0,0,0,0,0,0,0
