Record Number,Sample Name,Measurement Date Time,Dx (10),Dx (50),Dx (90),Laser Obscuration,Stirrer Speed Demand,D [4;3],0.01,0.0114,0.0129,0.0147,0.0167,0.0189,0.0215,0.0244,0.0278,0.0315,0.0358,0.0407,0.0463,0.0526,0.0597,0.0679,0.0771,0.0876,0.0995,0.113,0.128,0.146,0.166,0.188,0.214,0.243,0.276,0.314,0.357,0.405,0.46,0.523,0.594,0.675,0.767,0.872,0.991,1.13,1.28,1.45,1.65,1.88,2.13,2.42,2.75,3.12,3.55,4.03,4.58,5.21,5.92,6.72,7.64,8.68,9.86,11.2,12.7,14.5,16.4,18.7,21.2,24.1,27.4,31.1,35.3,40.1,45.6,51.8,58.9,66.9,76,86.4,98.1,111,127,144,163,186,211,240,272,310,352,400,454,516,586,666,756,859,976,1110,1260,1430,1630,1850,2100,2390,2710,3080,3500
3,Delta_Rushton_900RPM_170914_Pumplv2_b,9/14/2017 15:56,19.2,50.3,109,0,3000,58,0,0,0,0,0,0,0,0,0,0,0,0,0,0,0,0,0,0,0,0,0,0,0,0,0,0,0,0,0,0,0,0.27,0.32,0.36,0.38,0.38,0.36,0.32,0.28,0.25,0.22,0.18,0.15,0.12,0.1,0.1,0.11,0.15,0.19,0.23,0.27,0.3,0.32,0.34,0.39,0.48,0.66,0.96,1.42,2.06,2.89,3.87,4.94,6,6.94,7.64,8.02,8.03,7.69,7.06,6.24,5.31,4.36,3.43,2.57,1.78,1.08,0.52,0,0,0,0,0,0,0,0,0,0,0,0,0,0,0,0,0,0,0,0,0,0,0
4,Delta_Rushton_900RPM_170914_Pumplv2_b,9/14/2017 15:57,14.8,41.8,91.3,0,3000,48.7,0,0,0,0,0,0,0,0,0,0,0,0,0,0,0,0,0,0,0,0,0,0,0,0,0,0,0,0,0,0,0,0.39,0.44,0.48,0.49,0.48,0.45,0.4,0.35,0.3,0.26,0.22,0.18,0.16,0.14,0.15,0.18,0.23,0.28,0.32,0.36,0.38,0.41,0.45,0.53,0.7,1,1.47,2.14,3.01,4.06,5.21,6.34,7.33,8.03,8.34,8.21,7.65,6.76,5.67,4.53,3.48,2.6,1.91,1.4,1,0.67,0.38,0.08,0,0,0,0,0,0,0,0,0,0,0,0,0,0,0,0,0,0,0,0,0,0
5,Delta_Rushton_900RPM_170914_Pumplv2_b,9/14/2017 15:58,12,37.7,82.7,0,3000,44.4,0,0,0,0,0,0,0,0,0,0,0,0,0,0,0,0,0,0,0,0,0,0,0,0,0,0,0,0,0,0,0,0.48,0.53,0.57,0.58,0.56,0.51,0.45,0.39,0.34,0.29,0.25,0.21,0.19,0.18,0.2,0.24,0.28,0.33,0.37,0.41,0.44,0.47,0.54,0.68,0.93,1.33,1.92,2.72,3.7,4.82,5.97,7.02,7.83,8.28,8.27,7.82,6.97,5.87,4.68,3.55,2.59,1.86,1.35,1.03,0.8,0.6,0.39,0.19,0,0,0,0,0,0,0,0,0,0,0,0,0,0,0,0,0,0,0,0,0,0
6,Delta_Rushton_900RPM_170914_Pumplv2_b,9/14/2017 15:59,9.89,35,76.2,0,3000,41.2,0,0,0,0,0,0,0,0,0,0,0,0,0,0,0,0,0,0,0,0,0,0,0,0,0,0,0,0,0,0,0,0.55,0.61,0.65,0.66,0.63,0.58,0.5,0.43,0.37,0.32,0.27,0.24,0.22,0.22,0.24,0.28,0.32,0.37,0.41,0.45,0.49,0.54,0.65,0.84,1.15,1.64,2.31,3.19,4.22,5.35,6.44,7.38,8.02,8.26,8.04,7.4,6.42,5.25,4.06,2.98,2.1,1.47,1.06,0.81,0.65,0.49,0.33,0.16,0,0,0,0,0,0,0,0,0,0,0,0,0,0,0,0,0,0,0,0,0,0
7,Delta_Rushton_900RPM_170914_Pumplv2_b,9/14/2017 16:00,8.21,33.1,72.3,0,3000,38.8,0,0,0,0,0,0,0,0,0,0,0,0,0,0,0,0,0,0,0,0,0,0,0,0,0,0,0,0,0,0,0,0.6,0.67,0.72,0.73,0.7,0.63,0.55,0.46,0.4,0.34,0.3,0.26,0.24,0.24,0.27,0.31,0.36,0.41,0.45,0.49,0.54,0.62,0.76,0.99,1.37,1.91,2.64,3.55,4.6,5.69,6.72,7.54,8.04,8.12,7.77,7.01,5.98,4.8,3.64,2.62,1.82,1.25,0.88,0.67,0.53,0.41,0.27,0.13,0,0,0,0,0,0,0,0,0,0,0,0,0,0,0,0,0,0,0,0,0,0
8,Delta_Rushton_900RPM_170914_Pumplv2_b,9/14/2017 16:01,7.02,31.8,69.4,0,3000,37,0,0,0,0,0,0,0,0,0,0,0,0,0,0,0,0,0,0,0,0,0,0,0,0,0,0,0,0,0,0,0,0.65,0.72,0.77,0.79,0.75,0.68,0.58,0.49,0.42,0.36,0.32,0.28,0.26,0.27,0.29,0.33,0.38,0.43,0.48,0.53,0.6,0.7,0.87,1.14,1.55,2.13,2.89,3.81,4.84,5.89,6.84,7.57,7.97,7.96,7.52,6.73,5.68,4.53,3.41,2.43,1.67,1.12,0.77,0.56,0.43,0.31,0.19,0.08,0,0,0,0,0,0,0,0,0,0,0,0,0,0,0,0,0,0,0,0,0,0
9,Delta_Rushton_900RPM_170914_Pumplv2_b,9/14/2017 16:03,6.18,30.9,67.6,0,3000,35.8,0,0,0,0,0,0,0,0,0,0,0,0,0,0,0,0,0,0,0,0,0,0,0,0,0,0,0,0,0,0,0,0.69,0.77,0.82,0.84,0.8,0.71,0.61,0.52,0.44,0.38,0.33,0.3,0.28,0.28,0.31,0.35,0.4,0.46,0.51,0.58,0.66,0.78,0.97,1.27,1.7,2.3,3.06,3.97,4.97,5.97,6.86,7.52,7.84,7.78,7.32,6.52,5.49,4.37,3.29,2.34,1.59,1.06,0.71,0.49,0.36,0.26,0.15,0,0,0,0,0,0,0,0,0,0,0,0,0,0,0,0,0,0,0,0,0,0,0
10,Delta_Rushton_900RPM_170914_Pumplv2_b,9/14/2017 16:04,5.57,30.3,67.1,0,3000,35.2,0,0,0,0,0,0,0,0,0,0,0,0,0,0,0,0,0,0,0,0,0,0,0,0,0,0,0,0,0,0,0,0.72,0.8,0.86,0.88,0.83,0.75,0.64,0.54,0.45,0.39,0.35,0.31,0.3,0.3,0.32,0.37,0.42,0.48,0.55,0.62,0.72,0.86,1.07,1.38,1.83,2.43,3.18,4.06,5.02,5.96,6.79,7.39,7.67,7.58,7.12,6.34,5.36,4.28,3.24,2.33,1.6,1.06,0.7,0.47,0.33,0.23,0.13,0,0,0,0,0,0,0,0,0,0,0,0,0,0,0,0,0,0,0,0,0,0,0
11,Delta_Rushton_900RPM_170914_Pumplv2_b,9/14/2017 16:05,5.1,29.8,66.9,0,3000,34.7,0,0,0,0,0,0,0,0,0,0,0,0,0,0,0,0,0,0,0,0,0,0,0,0,0,0,0,0,0,0,0,0.74,0.84,0.9,0.91,0.86,0.77,0.66,0.55,0.47,0.4,0.36,0.32,0.31,0.31,0.34,0.38,0.44,0.51,0.58,0.67,0.78,0.94,1.16,1.48,1.93,2.52,3.25,4.11,5.02,5.92,6.69,7.25,7.5,7.41,6.96,6.22,5.28,4.25,3.25,2.36,1.63,1.08,0.7,0.45,0.29,0.17,0.09,0,0,0,0,0,0,0,0,0,0,0,0,0,0,0,0,0,0,0,0,0,0,0
12,Delta_Rushton_900RPM_170914_Pumplv2_b,9/14/2017 16:06,4.74,29.6,67.2,0,3000,34.4,0,0,0,0,0,0,0,0,0,0,0,0,0,0,0,0,0,0,0,0,0,0,0,0,0,0,0,0,0,0,0,0.77,0.86,0.92,0.94,0.89,0.79,0.68,0.57,0.48,0.42,0.37,0.33,0.32,0.32,0.35,0.4,0.46,0.53,0.62,0.72,0.84,1.01,1.24,1.57,2.01,2.58,3.28,4.09,4.96,5.81,6.55,7.08,7.33,7.26,6.85,6.16,5.27,4.28,3.3,2.42,1.68,1.11,0.71,0.45,0.28,0.15,0,0,0,0,0,0,0,0,0,0,0,0,0,0,0,0,0,0,0,0,0,0,0,0
13,Delta_Rushton_900RPM_170914_Pumplv2_b,9/14/2017 16:07,4.44,29.4,67.8,0,3000,34.3,0,0,0,0,0,0,0,0,0,0,0,0,0,0,0,0,0,0,0,0,0,0,0,0,0,0,0,0,0,0,0,0.79,0.89,0.95,0.96,0.91,0.81,0.69,0.58,0.49,0.42,0.38,0.34,0.33,0.33,0.36,0.41,0.48,0.56,0.66,0.77,0.9,1.08,1.31,1.64,2.07,2.62,3.29,4.07,4.89,5.7,6.4,6.92,7.17,7.11,6.74,6.1,5.25,4.31,3.36,2.49,1.75,1.16,0.74,0.45,0.26,0.14,0,0,0,0,0,0,0,0,0,0,0,0,0,0,0,0,0,0,0,0,0,0,0,0
14,Delta_Rushton_900RPM_170914_Pumplv2_b,9/14/2017 16:08,4.16,29.3,68.3,0,3000,34.2,0,0,0,0,0,0,0,0,0,0,0,0,0,0,0,0,0,0,0,0,0,0,0,0,0,0,0,0,0,0,0,0.81,0.91,0.97,0.98,0.93,0.83,0.71,0.59,0.5,0.43,0.39,0.35,0.34,0.34,0.37,0.42,0.5,0.59,0.69,0.81,0.96,1.14,1.38,1.7,2.12,2.65,3.3,4.04,4.82,5.59,6.27,6.76,7.01,6.97,6.64,6.04,5.24,4.33,3.41,2.55,1.81,1.21,0.76,0.45,0.25,0.11,0,0,0,0,0,0,0,0,0,0,0,0,0,0,0,0,0,0,0,0,0,0,0,0
15,Delta_Rushton_900RPM_170914_Pumplv2_b,9/14/2017 16:09,3.95,29.3,69.3,0,3000,34.4,0,0,0,0,0,0,0,0,0,0,0,0,0,0,0,0,0,0,0,0,0,0,0,0,0,0,0,0,0,0,0,0.83,0.93,0.99,1,0.95,0.84,0.72,0.6,0.51,0.44,0.39,0.36,0.34,0.35,0.38,0.44,0.52,0.62,0.73,0.86,1.01,1.2,1.44,1.75,2.15,2.65,3.26,3.96,4.71,5.45,6.1,6.6,6.87,6.87,6.58,6.03,5.27,4.39,3.48,2.62,1.87,1.27,0.81,0.49,0.27,0.13,0,0,0,0,0,0,0,0,0,0,0,0,0,0,0,0,0,0,0,0,0,0,0,0
16,Delta_Rushton_900RPM_170914_Pumplv2_b,9/14/2017 16:10,3.73,29.3,70.1,0,3000,34.5,0,0,0,0,0,0,0,0,0,0,0,0,0,0,0,0,0,0,0,0,0,0,0,0,0,0,0,0,0,0,0,0.85,0.95,1.01,1.02,0.96,0.86,0.73,0.61,0.51,0.45,0.4,0.37,0.35,0.36,0.39,0.45,0.54,0.64,0.77,0.9,1.06,1.25,1.49,1.79,2.18,2.66,3.25,3.91,4.62,5.33,5.96,6.45,6.73,6.74,6.49,5.97,5.26,4.42,3.54,2.7,1.95,1.33,0.85,0.51,0.28,0.13,0,0,0,0,0,0,0,0,0,0,0,0,0,0,0,0,0,0,0,0,0,0,0,0
17,Delta_Rushton_900RPM_170914_Pumplv2_b,9/14/2017 16:11,3.56,29.4,71.2,0,3000,34.8,0,0,0,0,0,0,0,0,0,0,0,0,0,0,0,0,0,0,0,0,0,0,0,0,0,0,0,0,0,0,0,0.87,0.97,1.03,1.04,0.98,0.87,0.74,0.61,0.52,0.45,0.41,0.37,0.36,0.37,0.4,0.47,0.56,0.68,0.8,0.95,1.12,1.31,1.54,1.83,2.19,2.65,3.19,3.82,4.5,5.18,5.79,6.28,6.58,6.63,6.42,5.96,5.3,4.49,3.63,2.8,2.04,1.41,0.91,0.55,0.3,0.13,0,0,0,0,0,0,0,0,0,0,0,0,0,0,0,0,0,0,0,0,0,0,0,0
18,Delta_Rushton_900RPM_170914_Pumplv2_b,9/14/2017 16:12,3.41,29.5,72.1,0,3000,35,0,0,0,0,0,0,0,0,0,0,0,0,0,0,0,0,0,0,0,0,0,0,0,0,0,0,0,0,0,0,0,0.89,0.99,1.05,1.05,0.99,0.88,0.74,0.62,0.53,0.46,0.41,0.38,0.36,0.37,0.41,0.48,0.58,0.7,0.84,0.99,1.16,1.35,1.58,1.86,2.21,2.63,3.15,3.74,4.38,5.04,5.64,6.14,6.45,6.54,6.37,5.96,5.33,4.56,3.72,2.89,2.13,1.48,0.96,0.57,0.31,0.13,0,0,0,0,0,0,0,0,0,0,0,0,0,0,0,0,0,0,0,0,0,0,0,0
19,Delta_Rushton_900RPM_170914_Pumplv2_b,9/14/2017 16:13,3.28,29.6,73,0,3000,35.3,0,0,0,0,0,0,0,0,0,0,0,0,0,0,0,0,0,0,0,0,0,0,0,0,0,0,0,0,0,0,0,0.91,1,1.06,1.06,1,0.88,0.75,0.63,0.53,0.46,0.42,0.39,0.37,0.38,0.42,0.5,0.6,0.73,0.87,1.03,1.2,1.39,1.61,1.88,2.2,2.61,3.09,3.65,4.27,4.91,5.5,6,6.34,6.45,6.33,5.96,5.37,4.63,3.81,2.98,2.22,1.55,1.01,0.6,0.32,0.13,0,0,0,0,0,0,0,0,0,0,0,0,0,0,0,0,0,0,0,0,0,0,0,0
20,Delta_Rushton_900RPM_170914_Pumplv2_b,9/14/2017 16:14,3.16,29.7,73.7,0,3000,35.4,0,0,0,0,0,0,0,0,0,0,0,0,0,0,0,0,0,0,0,0,0,0,0,0,0,0,0,0,0,0,0,0.92,1.02,1.07,1.07,1.01,0.89,0.76,0.63,0.54,0.47,0.42,0.39,0.38,0.39,0.43,0.51,0.62,0.75,0.9,1.06,1.24,1.43,1.64,1.9,2.21,2.59,3.04,3.58,4.17,4.79,5.38,5.88,6.23,6.38,6.29,5.96,5.4,4.69,3.88,3.05,2.28,1.59,1.04,0.62,0.33,0.14,0,0,0,0,0,0,0,0,0,0,0,0,0,0,0,0,0,0,0,0,0,0,0,0
21,Delta_Rushton_900RPM_170914_Pumplv2_b,9/14/2017 16:15,3.08,30,75.1,0,3000,35.9,0,0,0,0,0,0,0,0,0,0,0,0,0,0,0,0,0,0,0,0,0,0,0,0,0,0,0,0,0,0,0,0.93,1.03,1.08,1.08,1.01,0.9,0.76,0.63,0.54,0.47,0.43,0.4,0.38,0.4,0.44,0.53,0.64,0.78,0.93,1.1,1.27,1.46,1.67,1.91,2.2,2.55,2.98,3.49,4.06,4.66,5.24,5.74,6.11,6.29,6.23,5.94,5.42,4.74,3.96,3.15,2.38,1.7,1.13,0.7,0.39,0.17,0,0,0,0,0,0,0,0,0,0,0,0,0,0,0,0,0,0,0,0,0,0,0,0
22,Delta_Rushton_900RPM_170914_Pumplv2_b,9/14/2017 16:16,2.96,30.1,75.8,0,3000,36.1,0,0,0,0,0,0,0,0,0,0,0,0,0,0,0,0,0,0,0,0,0,0,0,0,0,0,0,0,0,0,0,0.95,1.04,1.1,1.1,1.03,0.91,0.77,0.64,0.54,0.48,0.43,0.4,0.39,0.41,0.46,0.54,0.66,0.8,0.96,1.13,1.3,1.49,1.69,1.92,2.19,2.53,2.94,3.42,3.97,4.55,5.13,5.63,6.01,6.21,6.18,5.92,5.44,4.79,4.03,3.23,2.46,1.76,1.18,0.72,0.39,0.17,0,0,0,0,0,0,0,0,0,0,0,0,0,0,0,0,0,0,0,0,0,0,0,0
23,Delta_Rushton_900RPM_170914_Pumplv2_b,9/14/2017 16:17,2.85,30.1,76.5,0,3000,36.3,0,0,0,0,0,0,0,0,0,0,0,0,0,0,0,0,0,0,0,0,0,0,0,0,0,0,0,0,0,0,0,0.96,1.06,1.11,1.11,1.04,0.91,0.77,0.65,0.55,0.48,0.44,0.41,0.4,0.42,0.47,0.56,0.68,0.83,0.99,1.16,1.33,1.51,1.71,1.92,2.18,2.5,2.89,3.36,3.9,4.47,5.05,5.56,5.95,6.16,6.15,5.91,5.44,4.8,4.05,3.26,2.49,1.8,1.22,0.77,0.43,0.2,0,0,0,0,0,0,0,0,0,0,0,0,0,0,0,0,0,0,0,0,0,0,0,0
24,Delta_Rushton_900RPM_170914_Pumplv2_b,9/14/2017 16:18,2.74,30.3,77.2,0,3000,36.5,0,0,0,0,0,0,0,0,0,0,0,0,0,0,0,0,0,0,0,0,0,0,0,0,0,0,0,0,0,0,0,0.98,1.07,1.13,1.12,1.05,0.93,0.78,0.65,0.56,0.49,0.44,0.41,0.4,0.42,0.48,0.57,0.7,0.85,1.01,1.19,1.36,1.54,1.72,1.93,2.17,2.47,2.84,3.29,3.81,4.38,4.95,5.46,5.87,6.1,6.12,5.9,5.46,4.84,4.11,3.32,2.56,1.86,1.26,0.79,0.44,0.19,0,0,0,0,0,0,0,0,0,0,0,0,0,0,0,0,0,0,0,0,0,0,0,0
25,Delta_Rushton_900RPM_170914_Pumplv2_b,9/14/2017 16:19,2.68,30.5,78.6,0,3000,36.9,0,0,0,0,0,0,0,0,0,0,0,0,0,0,0,0,0,0,0,0,0,0,0,0,0,0,0,0,0,0,0,0.99,1.08,1.13,1.13,1.05,0.93,0.79,0.66,0.56,0.49,0.45,0.42,0.41,0.43,0.49,0.59,0.72,0.87,1.04,1.21,1.38,1.56,1.73,1.93,2.16,2.43,2.78,3.21,3.71,4.26,4.83,5.35,5.77,6.03,6.08,5.89,5.49,4.9,4.19,3.42,2.65,1.94,1.33,0.85,0.48,0.22,0,0,0,0,0,0,0,0,0,0,0,0,0,0,0,0,0,0,0,0,0,0,0,0
26,Delta_Rushton_900RPM_170914_Pumplv2_b,9/14/2017 16:20,2.62,30.7,79.7,0,3000,37.2,0,0,0,0,0,0,0,0,0,0,0,0,0,0,0,0,0,0,0,0,0,0,0,0,0,0,0,0,0,0,0,1,1.09,1.14,1.13,1.06,0.93,0.79,0.66,0.56,0.5,0.45,0.43,0.42,0.44,0.5,0.6,0.73,0.89,1.06,1.24,1.41,1.58,1.75,1.93,2.14,2.41,2.74,3.15,3.63,4.17,4.72,5.25,5.68,5.95,6.03,5.87,5.5,4.94,4.25,3.49,2.73,2.02,1.4,0.9,0.51,0.23,0,0,0,0,0,0,0,0,0,0,0,0,0,0,0,0,0,0,0,0,0,0,0,0
27,Delta_Rushton_900RPM_170914_Pumplv2_b,9/14/2017 16:21,2.53,30.8,80.2,0,3000,37.3,0,0,0,0,0,0,0,0,0,0,0,0,0,0,0,0,0,0,0,0,0,0,0,0,0,0,0,0,0,0,0,1.01,1.1,1.15,1.14,1.07,0.94,0.8,0.67,0.57,0.5,0.46,0.43,0.43,0.45,0.51,0.62,0.75,0.91,1.09,1.26,1.43,1.6,1.76,1.93,2.14,2.39,2.7,3.09,3.56,4.09,4.64,5.17,5.61,5.9,5.99,5.86,5.51,4.97,4.29,3.54,2.77,2.06,1.43,0.92,0.52,0.24,0,0,0,0,0,0,0,0,0,0,0,0,0,0,0,0,0,0,0,0,0,0,0,0
28,Delta_Rushton_900RPM_170914_Pumplv2_b,9/14/2017 16:22,2.47,31,81,0,3000,37.6,0,0,0,0,0,0,0,0,0,0,0,0,0,0,0,0,0,0,0,0,0,0,0,0,0,0,0,0,0,0,0,1.02,1.11,1.16,1.15,1.08,0.95,0.81,0.67,0.58,0.51,0.46,0.44,0.43,0.46,0.52,0.63,0.77,0.93,1.11,1.28,1.45,1.61,1.77,1.93,2.12,2.35,2.65,3.03,3.48,4.01,4.56,5.09,5.55,5.86,5.97,5.86,5.53,5,4.33,3.59,2.83,2.11,1.48,0.96,0.55,0.26,0,0,0,0,0,0,0,0,0,0,0,0,0,0,0,0,0,0,0,0,0,0,0,0
29,Delta_Rushton_900RPM_170914_Pumplv2_b,9/14/2017 16:23,2.4,31.1,81.6,0,3000,37.7,0,0,0,0,0,0,0,0,0,0,0,0,0,0,0,0,0,0,0,0,0,0,0,0,0,0,0,0,0,0,0,1.03,1.12,1.17,1.16,1.09,0.96,0.81,0.68,0.58,0.51,0.47,0.44,0.44,0.47,0.54,0.65,0.79,0.95,1.13,1.3,1.47,1.63,1.78,1.93,2.11,2.33,2.62,2.99,3.43,3.95,4.5,5.03,5.48,5.8,5.93,5.84,5.52,5.01,4.36,3.62,2.87,2.16,1.52,0.99,0.57,0.26,0.01,0,0,0,0,0,0,0,0,0,0,0,0,0,0,0,0,0,0,0,0,0,0,0
30,Delta_Rushton_900RPM_170914_Pumplv2_b,9/14/2017 16:24,2.33,31.2,82.2,0,3000,37.9,0,0,0,0,0,0,0,0,0,0,0,0,0,0,0,0,0,0,0,0,0,0,0,0,0,0,0,0,0,0,0,1.04,1.13,1.18,1.17,1.1,0.97,0.82,0.69,0.59,0.52,0.48,0.45,0.45,0.48,0.55,0.66,0.8,0.97,1.14,1.32,1.48,1.64,1.78,1.93,2.1,2.31,2.58,2.94,3.38,3.89,4.43,4.97,5.43,5.76,5.9,5.82,5.52,5.03,4.39,3.66,2.92,2.2,1.56,1.02,0.59,0.27,0.01,0,0,0,0,0,0,0,0,0,0,0,0,0,0,0,0,0,0,0,0,0,0,0
31,Delta_Rushton_900RPM_170914_Pumplv2_b,9/14/2017 16:25,2.27,31.2,82.6,0,3000,38,0,0,0,0,0,0,0,0,0,0,0,0,0,0,0,0,0,0,0,0,0,0,0,0,0,0,0,0,0,0,0,1.05,1.14,1.19,1.18,1.11,0.98,0.83,0.7,0.59,0.53,0.48,0.46,0.46,0.49,0.56,0.67,0.82,0.99,1.16,1.34,1.5,1.65,1.79,1.92,2.08,2.28,2.55,2.89,3.32,3.82,4.37,4.91,5.38,5.72,5.87,5.81,5.53,5.05,4.42,3.7,2.96,2.24,1.59,1.04,0.61,0.29,0,0,0,0,0,0,0,0,0,0,0,0,0,0,0,0,0,0,0,0,0,0,0,0
32,Delta_Rushton_900RPM_170914_Pumplv2_b,9/14/2017 16:26,2.22,31.4,83.9,0,3000,38.5,0,0,0,0,0,0,0,0,0,0,0,0,0,0,0,0,0,0,0,0,0,0,0,0,0,0,0,0,0,0,0,1.06,1.15,1.2,1.19,1.11,0.98,0.83,0.7,0.6,0.53,0.49,0.46,0.46,0.5,0.57,0.68,0.83,1,1.18,1.35,1.51,1.65,1.78,1.91,2.06,2.26,2.51,2.85,3.27,3.76,4.3,4.84,5.31,5.65,5.82,5.77,5.5,5.04,4.43,3.73,3,2.3,1.66,1.11,0.66,0.32,0.1,0,0,0,0,0,0,0,0,0,0,0,0,0,0,0,0,0,0,0,0,0,0,0
33,Delta_Rushton_900RPM_170914_Pumplv2_b,9/14/2017 16:27,2.19,31.7,85.2,0,3000,38.9,0,0,0,0,0,0,0,0,0,0,0,0,0,0,0,0,0,0,0,0,0,0,0,0,0,0,0,0,0,0,0,1.07,1.16,1.21,1.2,1.12,0.99,0.84,0.7,0.6,0.53,0.49,0.47,0.47,0.5,0.58,0.69,0.84,1.01,1.19,1.36,1.51,1.65,1.78,1.9,2.04,2.22,2.46,2.78,3.19,3.67,4.21,4.74,5.22,5.58,5.77,5.75,5.52,5.08,4.5,3.82,3.1,2.39,1.74,1.18,0.71,0.35,0.11,0,0,0,0,0,0,0,0,0,0,0,0,0,0,0,0,0,0,0,0,0,0,0
34,Delta_Rushton_900RPM_170914_Pumplv2_b,9/14/2017 16:28,2.15,31.9,86,0,3000,39.2,0,0,0,0,0,0,0,0,0,0,0,0,0,0,0,0,0,0,0,0,0,0,0,0,0,0,0,0,0,0,0,1.08,1.17,1.22,1.2,1.12,0.99,0.84,0.71,0.61,0.54,0.49,0.47,0.48,0.51,0.59,0.71,0.86,1.03,1.2,1.37,1.52,1.66,1.78,1.9,2.03,2.2,2.43,2.74,3.14,3.61,4.14,4.67,5.15,5.52,5.72,5.72,5.5,5.1,4.54,3.88,3.17,2.47,1.81,1.23,0.74,0.36,0.11,0,0,0,0,0,0,0,0,0,0,0,0,0,0,0,0,0,0,0,0,0,0,0
35,Delta_Rushton_900RPM_170914_Pumplv2_b,9/14/2017 16:29,2.11,32,86.6,0,3000,39.4,0,0,0,0,0,0,0,0,0,0,0,0,0,0,0,0,0,0,0,0,0,0,0,0,0,0,0,0,0,0,0,1.09,1.18,1.23,1.21,1.13,1,0.85,0.71,0.61,0.54,0.5,0.48,0.48,0.52,0.6,0.72,0.87,1.04,1.21,1.38,1.53,1.66,1.78,1.89,2.01,2.17,2.4,2.7,3.09,3.56,4.08,4.62,5.11,5.48,5.7,5.71,5.51,5.12,4.56,3.9,3.2,2.49,1.84,1.25,0.77,0.38,0.13,0,0,0,0,0,0,0,0,0,0,0,0,0,0,0,0,0,0,0,0,0,0,0
36,Delta_Rushton_900RPM_170914_Pumplv2_b,9/14/2017 16:30,2.06,32.1,87.4,0,3000,39.6,0,0,0,0,0,0,0,0,0,0,0,0,0,0,0,0,0,0,0,0,0,0,0,0,0,0,0,0,0,0,0,1.1,1.19,1.23,1.22,1.14,1.01,0.86,0.72,0.62,0.55,0.51,0.49,0.49,0.53,0.61,0.73,0.88,1.05,1.23,1.39,1.54,1.67,1.78,1.88,2,2.16,2.37,2.67,3.05,3.51,4.03,4.57,5.06,5.44,5.66,5.68,5.49,5.11,4.57,3.93,3.23,2.54,1.88,1.3,0.8,0.41,0.14,0,0,0,0,0,0,0,0,0,0,0,0,0,0,0,0,0,0,0,0,0,0,0
37,Delta_Rushton_900RPM_170914_Pumplv2_b,9/14/2017 16:31,2.03,32.3,88.2,0,3000,39.8,0,0,0,0,0,0,0,0,0,0,0,0,0,0,0,0,0,0,0,0,0,0,0,0,0,0,0,0,0,0,0,1.11,1.2,1.24,1.23,1.14,1.01,0.86,0.72,0.62,0.55,0.51,0.49,0.5,0.54,0.62,0.74,0.89,1.06,1.24,1.4,1.55,1.67,1.78,1.88,1.99,2.13,2.34,2.62,3,3.45,3.97,4.5,4.99,5.39,5.62,5.67,5.5,5.14,4.61,3.98,3.29,2.6,1.94,1.36,0.86,0.45,0.05,0,0,0,0,0,0,0,0,0,0,0,0,0,0,0,0,0,0,0,0,0,0,0
38,Delta_Rushton_900RPM_170914_Pumplv2_b,9/14/2017 16:32,1.98,32.2,88.2,0,3000,39.8,0,0,0,0,0,0,0,0,0,0,0,0,0,0,0,0,0,0,0,0,0,0,0,0,0,0,0,0,0,0,0,1.13,1.21,1.26,1.24,1.16,1.02,0.86,0.72,0.62,0.56,0.52,0.51,0.52,0.56,0.65,0.77,0.92,1.09,1.25,1.41,1.55,1.67,1.77,1.86,1.97,2.11,2.31,2.6,2.97,3.43,3.95,4.48,4.98,5.37,5.61,5.66,5.49,5.12,4.6,3.96,3.27,2.57,1.92,1.33,0.84,0.45,0.17,0,0,0,0,0,0,0,0,0,0,0,0,0,0,0,0,0,0,0,0,0,0,0
39,Delta_Rushton_900RPM_170914_Pumplv2_b,9/14/2017 16:33,1.92,32.2,88.2,0,3000,39.7,0,0,0,0,0,0,0,0,0,0,0,0,0,0,0,0,0,0,0,0,0,0,0,0,0,0,0,0,0,0,0,1.14,1.23,1.27,1.25,1.17,1.03,0.87,0.74,0.64,0.57,0.53,0.52,0.52,0.56,0.64,0.76,0.92,1.09,1.26,1.42,1.56,1.68,1.78,1.87,1.97,2.11,2.3,2.58,2.94,3.39,3.91,4.44,4.94,5.34,5.59,5.65,5.49,5.14,4.62,4,3.31,2.61,1.95,1.36,0.85,0.44,0.04,0,0,0,0,0,0,0,0,0,0,0,0,0,0,0,0,0,0,0,0,0,0,0
40,Delta_Rushton_900RPM_170914_Pumplv2_b,9/14/2017 16:34,1.88,32.2,88.7,0,3000,39.8,0,0,0,0,0,0,0,0,0,0,0,0,0,0,0,0,0,0,0,0,0,0,0,0,0,0,0,0,0,0,0,1.15,1.24,1.28,1.27,1.18,1.04,0.88,0.74,0.64,0.58,0.54,0.53,0.53,0.58,0.66,0.78,0.93,1.1,1.27,1.43,1.57,1.69,1.78,1.86,1.96,2.09,2.28,2.55,2.91,3.36,3.87,4.4,4.91,5.31,5.57,5.63,5.48,5.14,4.63,4,3.32,2.63,1.97,1.38,0.88,0.46,0.06,0,0,0,0,0,0,0,0,0,0,0,0,0,0,0,0,0,0,0,0,0,0,0
41,Delta_Rushton_900RPM_170914_Pumplv2_b,9/14/2017 16:35,1.85,32.3,89.2,0,3000,39.9,0,0,0,0,0,0,0,0,0,0,0,0,0,0,0,0,0,0,0,0,0,0,0,0,0,0,0,0,0,0,0,1.16,1.25,1.29,1.27,1.18,1.04,0.89,0.75,0.65,0.58,0.55,0.53,0.54,0.58,0.67,0.79,0.94,1.11,1.28,1.43,1.57,1.68,1.77,1.86,1.95,2.07,2.26,2.53,2.89,3.33,3.84,4.37,4.87,5.28,5.54,5.61,5.47,5.13,4.63,4.02,3.34,2.65,2,1.41,0.9,0.48,0.07,0,0,0,0,0,0,0,0,0,0,0,0,0,0,0,0,0,0,0,0,0,0,0
42,Delta_Rushton_900RPM_170914_Pumplv2_b,9/14/2017 16:36,1.82,32.4,90.1,0,3000,40.3,0,0,0,0,0,0,0,0,0,0,0,0,0,0,0,0,0,0,0,0,0,0,0,0,0,0,0,0,0,0,0,1.17,1.26,1.3,1.28,1.19,1.05,0.89,0.75,0.65,0.59,0.55,0.54,0.55,0.59,0.67,0.8,0.95,1.12,1.28,1.44,1.57,1.68,1.76,1.84,1.93,2.05,2.23,2.49,2.85,3.3,3.81,4.34,4.85,5.26,5.52,5.59,5.45,5.12,4.63,4.02,3.35,2.67,2.02,1.43,0.92,0.51,0.2,0,0,0,0,0,0,0,0,0,0,0,0,0,0,0,0,0,0,0,0,0,0,0
43,Delta_Rushton_900RPM_170914_Pumplv2_b,9/14/2017 16:37,1.78,32.3,90.4,0,3000,40.2,0,0,0,0,0,0,0,0,0,0,0,0,0,0,0,0,0,0,0,0,0,0,0,0,0,0,0,0,0,0,0,1.19,1.27,1.32,1.29,1.2,1.06,0.9,0.76,0.66,0.59,0.56,0.54,0.55,0.6,0.68,0.81,0.96,1.13,1.29,1.44,1.57,1.68,1.76,1.83,1.92,2.04,2.22,2.48,2.84,3.28,3.79,4.31,4.81,5.21,5.47,5.55,5.42,5.11,4.64,4.05,3.4,2.73,2.08,1.48,0.95,0.51,0.08,0,0,0,0,0,0,0,0,0,0,0,0,0,0,0,0,0,0,0,0,0,0,0
44,Delta_Rushton_900RPM_170914_Pumplv2_b,9/14/2017 16:38,1.75,32.4,90.7,0,3000,40.3,0,0,0,0,0,0,0,0,0,0,0,0,0,0,0,0,0,0,0,0,0,0,0,0,0,0,0,0,0,0,0,1.2,1.29,1.33,1.3,1.21,1.07,0.91,0.76,0.66,0.6,0.56,0.55,0.56,0.61,0.69,0.82,0.97,1.14,1.3,1.45,1.58,1.68,1.76,1.83,1.91,2.02,2.2,2.46,2.82,3.25,3.76,4.28,4.78,5.19,5.45,5.53,5.41,5.1,4.64,4.06,3.41,2.74,2.09,1.49,0.97,0.53,0.09,0,0,0,0,0,0,0,0,0,0,0,0,0,0,0,0,0,0,0,0,0,0,0
45,Delta_Rushton_900RPM_170914_Pumplv2_b,9/14/2017 16:39,1.72,32.5,91.8,0,3000,40.7,0,0,0,0,0,0,0,0,0,0,0,0,0,0,0,0,0,0,0,0,0,0,0,0,0,0,0,0,0,0,0,1.22,1.3,1.34,1.31,1.22,1.07,0.91,0.77,0.67,0.6,0.56,0.55,0.56,0.61,0.7,0.82,0.98,1.14,1.3,1.45,1.57,1.67,1.75,1.81,1.89,2,2.18,2.43,2.78,3.22,3.73,4.25,4.75,5.16,5.43,5.51,5.39,5.08,4.62,4.04,3.4,2.75,2.12,1.53,1.02,0.58,0.24,0,0,0,0,0,0,0,0,0,0,0,0,0,0,0,0,0,0,0,0,0,0,0
46,Delta_Rushton_900RPM_170914_Pumplv2_b,9/14/2017 16:41,1.7,32.7,92.7,0,3000,41,0,0,0,0,0,0,0,0,0,0,0,0,0,0,0,0,0,0,0,0,0,0,0,0,0,0,0,0,0,0,0,1.23,1.31,1.35,1.32,1.22,1.08,0.92,0.77,0.67,0.6,0.57,0.56,0.57,0.62,0.71,0.83,0.98,1.15,1.3,1.45,1.57,1.66,1.74,1.8,1.87,1.98,2.15,2.4,2.75,3.18,3.68,4.2,4.7,5.12,5.39,5.49,5.39,5.1,4.65,4.08,3.45,2.8,2.16,1.58,1.05,0.61,0.26,0,0,0,0,0,0,0,0,0,0,0,0,0,0,0,0,0,0,0,0,0,0,0
47,Delta_Rushton_900RPM_170914_Pumplv2_b,9/14/2017 16:42,1.67,32.7,92.8,0,3000,41,0,0,0,0,0,0,0,0,0,0,0,0,0,0,0,0,0,0,0,0,0,0,0,0,0,0,0,0,0,0,0,1.25,1.33,1.36,1.33,1.23,1.08,0.92,0.78,0.68,0.61,0.57,0.56,0.58,0.62,0.71,0.84,0.99,1.15,1.31,1.45,1.57,1.66,1.73,1.79,1.86,1.97,2.14,2.38,2.72,3.15,3.65,4.17,4.67,5.09,5.38,5.49,5.4,5.12,4.68,4.12,3.48,2.82,2.18,1.58,1.04,0.59,0.25,0,0,0,0,0,0,0,0,0,0,0,0,0,0,0,0,0,0,0,0,0,0,0
48,Delta_Rushton_900RPM_170914_Pumplv2_b,9/14/2017 16:43,1.66,32.9,94.4,0,3000,41.5,0,0,0,0,0,0,0,0,0,0,0,0,0,0,0,0,0,0,0,0,0,0,0,0,0,0,0,0,0,0,0,1.26,1.33,1.36,1.33,1.23,1.08,0.92,0.78,0.68,0.61,0.58,0.57,0.58,0.63,0.72,0.84,0.99,1.15,1.31,1.44,1.56,1.65,1.71,1.77,1.84,1.95,2.12,2.37,2.71,3.13,3.62,4.14,4.63,5.04,5.32,5.42,5.33,5.07,4.65,4.12,3.52,2.89,2.27,1.68,1.14,0.66,0.3,0,0,0,0,0,0,0,0,0,0,0,0,0,0,0,0,0,0,0,0,0,0,0
49,Delta_Rushton_900RPM_170914_Pumplv2_b,9/14/2017 16:44,1.64,33,95.4,0,3000,41.8,0,0,0,0,0,0,0,0,0,0,0,0,0,0,0,0,0,0,0,0,0,0,0,0,0,0,0,0,0,0,0,1.28,1.34,1.37,1.33,1.23,1.08,0.92,0.78,0.68,0.62,0.58,0.57,0.59,0.64,0.73,0.85,1,1.16,1.32,1.45,1.56,1.65,1.71,1.76,1.83,1.93,2.1,2.34,2.67,3.09,3.58,4.09,4.58,4.99,5.27,5.38,5.3,5.05,4.65,4.14,3.56,2.95,2.33,1.74,1.19,0.7,0.31,0,0,0,0,0,0,0,0,0,0,0,0,0,0,0,0,0,0,0,0,0,0,0
50,Delta_Rushton_900RPM_170914_Pumplv2_b,9/14/2017 16:45,1.6,32.9,95.3,0,3000,41.7,0,0,0,0,0,0,0,0,0,0,0,0,0,0,0,0,0,0,0,0,0,0,0,0,0,0,0,0,0,0,0,1.31,1.38,1.4,1.35,1.24,1.09,0.93,0.79,0.69,0.63,0.6,0.59,0.6,0.65,0.74,0.86,1.01,1.16,1.31,1.45,1.55,1.64,1.7,1.75,1.82,1.92,2.08,2.33,2.67,3.09,3.58,4.09,4.58,4.99,5.27,5.37,5.29,5.03,4.62,4.11,3.53,2.92,2.32,1.75,1.22,0.74,0.26,0,0,0,0,0,0,0,0,0,0,0,0,0,0,0,0,0,0,0,0,0,0,0
51,Delta_Rushton_900RPM_170914_Pumplv2_b,9/14/2017 16:46,1.56,32.7,94.9,0,3000,41.5,0,0,0,0,0,0,0,0,0,0,0,0,0,0,0,0,0,0,0,0,0,0,0,0,0,0,0,0,0,0,0,1.31,1.38,1.41,1.37,1.27,1.11,0.95,0.8,0.7,0.64,0.6,0.6,0.61,0.66,0.75,0.87,1.01,1.17,1.32,1.45,1.55,1.64,1.69,1.75,1.81,1.92,2.08,2.33,2.66,3.09,3.58,4.09,4.58,4.99,5.27,5.37,5.29,5.03,4.61,4.09,3.51,2.9,2.3,1.72,1.19,0.72,0.24,0,0,0,0,0,0,0,0,0,0,0,0,0,0,0,0,0,0,0,0,0,0,0
52,Delta_Rushton_900RPM_170914_Pumplv2_b,9/14/2017 16:47,1.55,32.9,95.8,0,3000,41.8,0,0,0,0,0,0,0,0,0,0,0,0,0,0,0,0,0,0,0,0,0,0,0,0,0,0,0,0,0,0,0,1.3,1.38,1.41,1.38,1.28,1.12,0.96,0.81,0.71,0.65,0.62,0.62,0.63,0.68,0.76,0.87,1.01,1.15,1.3,1.43,1.54,1.62,1.69,1.74,1.8,1.9,2.06,2.3,2.63,3.04,3.53,4.04,4.53,4.95,5.23,5.35,5.29,5.04,4.64,4.13,3.55,2.95,2.34,1.76,1.22,0.73,0.33,0,0,0,0,0,0,0,0,0,0,0,0,0,0,0,0,0,0,0,0,0,0,0
53,Delta_Rushton_900RPM_170914_Pumplv2_b,9/14/2017 16:48,1.52,32.9,95.7,0,3000,41.7,0,0,0,0,0,0,0,0,0,0,0,0,0,0,0,0,0,0,0,0,0,0,0,0,0,0,0,0,0,0,0,1.32,1.39,1.42,1.39,1.28,1.13,0.97,0.82,0.72,0.65,0.62,0.61,0.62,0.67,0.76,0.88,1.02,1.17,1.32,1.45,1.55,1.63,1.68,1.73,1.79,1.88,2.04,2.28,2.61,3.03,3.51,4.03,4.53,4.94,5.23,5.35,5.28,5.04,4.64,4.13,3.56,2.95,2.35,1.77,1.23,0.74,0.25,0,0,0,0,0,0,0,0,0,0,0,0,0,0,0,0,0,0,0,0,0,0,0
54,Delta_Rushton_900RPM_170914_Pumplv2_b,9/14/2017 16:49,1.5,32.9,96.2,0,3000,41.9,0,0,0,0,0,0,0,0,0,0,0,0,0,0,0,0,0,0,0,0,0,0,0,0,0,0,0,0,0,0,0,1.34,1.41,1.44,1.4,1.29,1.14,0.97,0.83,0.72,0.65,0.62,0.61,0.62,0.68,0.77,0.89,1.03,1.18,1.33,1.45,1.56,1.63,1.68,1.72,1.78,1.87,2.03,2.27,2.6,3.01,3.49,4,4.49,4.91,5.19,5.32,5.26,5.02,4.64,4.14,3.58,2.98,2.38,1.79,1.23,0.73,0.33,0,0,0,0,0,0,0,0,0,0,0,0,0,0,0,0,0,0,0,0,0,0,0
55,Delta_Rushton_900RPM_170914_Pumplv2_b,9/14/2017 16:50,1.48,33,97.1,0,3000,42.1,0,0,0,0,0,0,0,0,0,0,0,0,0,0,0,0,0,0,0,0,0,0,0,0,0,0,0,0,0,0,0,1.36,1.43,1.45,1.41,1.3,1.15,0.98,0.83,0.72,0.65,0.62,0.61,0.63,0.68,0.77,0.89,1.04,1.19,1.33,1.45,1.55,1.62,1.67,1.71,1.77,1.86,2.02,2.25,2.58,2.99,3.47,3.98,4.46,4.87,5.15,5.27,5.21,4.99,4.62,4.15,3.61,3.03,2.45,1.87,1.31,0.79,0.27,0,0,0,0,0,0,0,0,0,0,0,0,0,0,0,0,0,0,0,0,0,0,0
56,Delta_Rushton_900RPM_170914_Pumplv2_b,9/14/2017 16:51,1.45,33.1,97.8,0,3000,42.3,0,0,0,0,0,0,0,0,0,0,0,0,0,0,0,0,0,0,0,0,0,0,0,0,0,0,0,0,0,0,0,1.39,1.45,1.47,1.42,1.31,1.15,0.98,0.83,0.72,0.66,0.63,0.62,0.64,0.69,0.78,0.9,1.04,1.19,1.33,1.45,1.54,1.61,1.66,1.7,1.76,1.85,2,2.23,2.55,2.96,3.43,3.93,4.41,4.83,5.12,5.25,5.2,4.99,4.63,4.16,3.63,3.06,2.47,1.9,1.35,0.83,0.31,0,0,0,0,0,0,0,0,0,0,0,0,0,0,0,0,0,0,0,0,0,0,0
57,Delta_Rushton_900RPM_170914_Pumplv2_b,9/14/2017 16:52,1.44,33.2,99.3,0,3000,42.8,0,0,0,0,0,0,0,0,0,0,0,0,0,0,0,0,0,0,0,0,0,0,0,0,0,0,0,0,0,0,0,1.4,1.46,1.48,1.43,1.32,1.15,0.98,0.83,0.72,0.66,0.62,0.62,0.64,0.7,0.79,0.91,1.05,1.2,1.33,1.45,1.54,1.61,1.65,1.69,1.74,1.83,1.98,2.21,2.53,2.93,3.4,3.9,4.39,4.8,5.09,5.23,5.18,4.96,4.6,4.13,3.6,3.04,2.48,1.94,1.41,0.91,0.47,0.04,0,0,0,0,0,0,0,0,0,0,0,0,0,0,0,0,0,0,0,0,0,0
58,Delta_Rushton_900RPM_170914_Pumplv2_b,9/14/2017 16:53,1.43,33.3,100,0,3000,42.9,0,0,0,0,0,0,0,0,0,0,0,0,0,0,0,0,0,0,0,0,0,0,0,0,0,0,0,0,0,0,0,1.43,1.49,1.5,1.44,1.31,1.14,0.96,0.81,0.71,0.66,0.64,0.64,0.67,0.73,0.82,0.94,1.07,1.2,1.33,1.44,1.52,1.59,1.63,1.67,1.72,1.81,1.96,2.18,2.5,2.9,3.36,3.86,4.34,4.75,5.04,5.18,5.15,4.95,4.61,4.18,3.67,3.13,2.58,2.02,1.46,0.93,0.39,0,0,0,0,0,0,0,0,0,0,0,0,0,0,0,0,0,0,0,0,0,0,0
59,Delta_Rushton_900RPM_170914_Pumplv2_b,9/14/2017 16:54,1.42,33.5,102,0,3000,43.5,0,0,0,0,0,0,0,0,0,0,0,0,0,0,0,0,0,0,0,0,0,0,0,0,0,0,0,0,0,0,0,1.46,1.51,1.52,1.45,1.31,1.14,0.96,0.81,0.72,0.67,0.65,0.65,0.68,0.73,0.82,0.93,1.05,1.19,1.31,1.42,1.51,1.57,1.61,1.65,1.7,1.79,1.94,2.16,2.48,2.88,3.34,3.84,4.32,4.73,5.03,5.16,5.13,4.92,4.59,4.15,3.65,3.13,2.6,2.06,1.52,1,0.52,0.05,0,0,0,0,0,0,0,0,0,0,0,0,0,0,0,0,0,0,0,0,0,0
60,Delta_Rushton_900RPM_170914_Pumplv2_b,9/14/2017 16:55,1.4,33.7,103,0,3000,43.7,0,0,0,0,0,0,0,0,0,0,0,0,0,0,0,0,0,0,0,0,0,0,0,0,0,0,0,0,0,0,0,1.48,1.53,1.53,1.45,1.32,1.14,0.96,0.82,0.72,0.68,0.66,0.66,0.69,0.74,0.82,0.93,1.05,1.18,1.31,1.41,1.5,1.56,1.61,1.64,1.7,1.78,1.93,2.15,2.46,2.85,3.31,3.79,4.27,4.68,4.98,5.12,5.1,4.92,4.6,4.18,3.7,3.19,2.66,2.11,1.56,1.01,0.52,0.04,0,0,0,0,0,0,0,0,0,0,0,0,0,0,0,0,0,0,0,0,0,0
61,Delta_Rushton_900RPM_170914_Pumplv2_b,9/14/2017 16:56,1.4,33.7,103,0,3000,43.7,0,0,0,0,0,0,0,0,0,0,0,0,0,0,0,0,0,0,0,0,0,0,0,0,0,0,0,0,0,0,0,1.48,1.53,1.53,1.46,1.32,1.14,0.96,0.82,0.73,0.68,0.67,0.68,0.7,0.76,0.85,0.96,1.08,1.21,1.33,1.43,1.5,1.55,1.59,1.62,1.67,1.76,1.9,2.13,2.44,2.83,3.29,3.77,4.25,4.66,4.96,5.11,5.09,4.92,4.6,4.19,3.71,3.2,2.66,2.12,1.57,1.02,0.53,0.04,0,0,0,0,0,0,0,0,0,0,0,0,0,0,0,0,0,0,0,0,0,0
62,Delta_Rushton_900RPM_170914_Pumplv2_b,9/14/2017 16:57,1.37,33.7,103,0,3000,43.8,0,0,0,0,0,0,0,0,0,0,0,0,0,0,0,0,0,0,0,0,0,0,0,0,0,0,0,0,0,0,0,1.51,1.56,1.55,1.48,1.33,1.15,0.97,0.82,0.73,0.68,0.67,0.67,0.7,0.75,0.84,0.95,1.08,1.21,1.33,1.43,1.51,1.56,1.6,1.63,1.67,1.75,1.89,2.11,2.42,2.81,3.27,3.76,4.23,4.65,4.95,5.1,5.08,4.9,4.59,4.18,3.7,3.2,2.68,2.14,1.59,1.05,0.55,0.06,0,0,0,0,0,0,0,0,0,0,0,0,0,0,0,0,0,0,0,0,0,0
63,Delta_Rushton_900RPM_170914_Pumplv2_b,9/14/2017 16:58,1.38,34,105,0,3000,44.4,0,0,0,0,0,0,0,0,0,0,0,0,0,0,0,0,0,0,0,0,0,0,0,0,0,0,0,0,0,0,0,1.51,1.55,1.55,1.47,1.33,1.15,0.97,0.82,0.73,0.69,0.67,0.68,0.71,0.77,0.85,0.96,1.09,1.22,1.33,1.43,1.5,1.55,1.58,1.6,1.64,1.72,1.86,2.08,2.38,2.77,3.23,3.72,4.2,4.61,4.91,5.06,5.05,4.88,4.58,4.18,3.73,3.24,2.74,2.22,1.68,1.13,0.61,0.09,0,0,0,0,0,0,0,0,0,0,0,0,0,0,0,0,0,0,0,0,0,0
64,Delta_Rushton_900RPM_170914_Pumplv2_b,9/14/2017 16:59,1.36,34.1,105,0,3000,44.5,0,0,0,0,0,0,0,0,0,0,0,0,0,0,0,0,0,0,0,0,0,0,0,0,0,0,0,0,0,0,0,1.54,1.58,1.56,1.48,1.33,1.14,0.96,0.83,0.74,0.69,0.68,0.68,0.71,0.76,0.84,0.95,1.08,1.21,1.33,1.42,1.5,1.54,1.57,1.6,1.64,1.71,1.85,2.06,2.37,2.75,3.2,3.69,4.16,4.57,4.88,5.03,5.03,4.87,4.59,4.22,3.79,3.32,2.82,2.28,1.71,1.12,0.57,0.03,0,0,0,0,0,0,0,0,0,0,0,0,0,0,0,0,0,0,0,0,0,0
65,Delta_Rushton_900RPM_170914_Pumplv2_b,9/14/2017 17:00,1.37,34.4,106,0,3000,44.8,0,0,0,0,0,0,0,0,0,0,0,0,0,0,0,0,0,0,0,0,0,0,0,0,0,0,0,0,0,0,0,1.52,1.56,1.55,1.47,1.33,1.15,0.97,0.83,0.74,0.69,0.68,0.69,0.72,0.78,0.87,0.99,1.12,1.24,1.35,1.44,1.49,1.53,1.55,1.56,1.6,1.67,1.81,2.02,2.32,2.71,3.15,3.63,4.11,4.52,4.83,5.01,5.03,4.9,4.64,4.28,3.86,3.39,2.88,2.33,1.75,1.14,0.58,0.03,0,0,0,0,0,0,0,0,0,0,0,0,0,0,0,0,0,0,0,0,0,0
66,Delta_Rushton_900RPM_170914_Pumplv2_b,9/14/2017 17:01,1.37,34.7,107,0,3000,45.2,0,0,0,0,0,0,0,0,0,0,0,0,0,0,0,0,0,0,0,0,0,0,0,0,0,0,0,0,0,0,0,1.51,1.56,1.55,1.48,1.34,1.15,0.97,0.83,0.74,0.69,0.68,0.69,0.74,0.81,0.9,1.02,1.14,1.25,1.35,1.42,1.47,1.5,1.52,1.53,1.57,1.65,1.79,2,2.3,2.68,3.12,3.59,4.06,4.48,4.8,4.99,5.02,4.91,4.67,4.32,3.9,3.42,2.91,2.36,1.77,1.18,0.62,0.07,0,0,0,0,0,0,0,0,0,0,0,0,0,0,0,0,0,0,0,0,0,0
67,Delta_Rushton_900RPM_170914_Pumplv2_b,9/14/2017 17:02,1.34,34.8,107,0,3000,45.3,0,0,0,0,0,0,0,0,0,0,0,0,0,0,0,0,0,0,0,0,0,0,0,0,0,0,0,0,0,0,0,1.56,1.6,1.58,1.49,1.34,1.15,0.97,0.83,0.74,0.69,0.68,0.7,0.73,0.8,0.89,1,1.12,1.23,1.32,1.4,1.45,1.49,1.51,1.53,1.57,1.65,1.78,2,2.29,2.66,3.1,3.57,4.04,4.46,4.78,4.97,5.02,4.91,4.68,4.35,3.93,3.46,2.95,2.39,1.79,1.18,0.62,0.06,0,0,0,0,0,0,0,0,0,0,0,0,0,0,0,0,0,0,0,0,0,0
68,Delta_Rushton_900RPM_170914_Pumplv2_b,9/14/2017 17:03,1.33,34.9,108,0,3000,45.5,0,0,0,0,0,0,0,0,0,0,0,0,0,0,0,0,0,0,0,0,0,0,0,0,0,0,0,0,0,0,0,1.59,1.61,1.59,1.49,1.34,1.15,0.97,0.83,0.75,0.71,0.69,0.7,0.73,0.79,0.88,0.98,1.1,1.21,1.3,1.38,1.44,1.47,1.49,1.51,1.55,1.63,1.76,1.98,2.28,2.66,3.11,3.6,4.08,4.5,4.81,4.99,5.01,4.89,4.64,4.3,3.89,3.45,2.96,2.44,1.86,1.25,0.63,0.03,0,0,0,0,0,0,0,0,0,0,0,0,0,0,0,0,0,0,0,0,0,0
69,Delta_Rushton_900RPM_170914_Pumplv2_b,9/14/2017 17:04,1.31,35,108,0,3000,45.5,0,0,0,0,0,0,0,0,0,0,0,0,0,0,0,0,0,0,0,0,0,0,0,0,0,0,0,0,0,0,0,1.64,1.66,1.62,1.51,1.34,1.14,0.96,0.83,0.75,0.71,0.7,0.71,0.74,0.79,0.87,0.97,1.08,1.19,1.29,1.37,1.43,1.47,1.49,1.51,1.55,1.62,1.76,1.97,2.27,2.65,3.1,3.58,4.05,4.47,4.78,4.96,4.99,4.88,4.65,4.32,3.94,3.5,3.01,2.47,1.87,1.25,0.61,0,0,0,0,0,0,0,0,0,0,0,0,0,0,0,0,0,0,0,0,0,0,0
70,Delta_Rushton_900RPM_170914_Pumplv2_b,9/14/2017 17:05,1.31,35.3,110,0,3000,46.1,0,0,0,0,0,0,0,0,0,0,0,0,0,0,0,0,0,0,0,0,0,0,0,0,0,0,0,0,0,0,0,1.6,1.63,1.61,1.51,1.35,1.16,0.98,0.84,0.76,0.72,0.71,0.72,0.75,0.8,0.88,0.98,1.09,1.2,1.29,1.37,1.42,1.45,1.47,1.49,1.52,1.6,1.73,1.95,2.24,2.62,3.06,3.53,4,4.42,4.74,4.93,4.97,4.87,4.65,4.33,3.95,3.52,3.04,2.52,1.94,1.32,0.69,0.08,0,0,0,0,0,0,0,0,0,0,0,0,0,0,0,0,0,0,0,0,0,0
71,Delta_Rushton_900RPM_170914_Pumplv2_b,9/14/2017 17:06,1.3,35.9,113,0,3000,47,0,0,0,0,0,0,0,0,0,0,0,0,0,0,0,0,0,0,0,0,0,0,0,0,0,0,0,0,0,0,0,1.65,1.67,1.63,1.52,1.35,1.15,0.96,0.83,0.75,0.71,0.7,0.71,0.74,0.8,0.88,0.98,1.08,1.19,1.28,1.35,1.4,1.43,1.44,1.46,1.49,1.56,1.69,1.89,2.19,2.56,3.01,3.49,3.97,4.39,4.71,4.89,4.93,4.83,4.61,4.32,3.97,3.58,3.15,2.66,2.08,1.44,0.79,0.15,0,0,0,0,0,0,0,0,0,0,0,0,0,0,0,0,0,0,0,0,0,0
72,Delta_Rushton_900RPM_170914_Pumplv2_b,9/14/2017 17:07,1.31,36.3,114,0,3000,47.6,0,0,0,0,0,0,0,0,0,0,0,0,0,0,0,0,0,0,0,0,0,0,0,0,0,0,0,0,0,0,0,1.63,1.65,1.62,1.51,1.34,1.15,0.96,0.82,0.75,0.71,0.71,0.73,0.77,0.83,0.9,0.99,1.08,1.18,1.26,1.33,1.37,1.41,1.43,1.45,1.48,1.56,1.68,1.88,2.16,2.52,2.95,3.42,3.88,4.31,4.64,4.85,4.91,4.85,4.66,4.39,4.05,3.66,3.22,2.71,2.13,1.49,0.84,0.19,0,0,0,0,0,0,0,0,0,0,0,0,0,0,0,0,0,0,0,0,0,0
73,Delta_Rushton_900RPM_170914_Pumplv2_b,9/14/2017 17:08,1.3,36.6,116,0,3000,48.3,0,0,0,0,0,0,0,0,0,0,0,0,0,0,0,0,0,0,0,0,0,0,0,0,0,0,0,0,0,0,0,1.66,1.67,1.62,1.51,1.34,1.15,0.97,0.84,0.77,0.74,0.74,0.74,0.76,0.79,0.85,0.93,1.03,1.14,1.23,1.31,1.37,1.41,1.43,1.45,1.48,1.54,1.66,1.86,2.14,2.5,2.94,3.41,3.88,4.3,4.62,4.82,4.87,4.8,4.61,4.35,4.03,3.68,3.28,2.81,2.24,1.59,0.92,0.24,0,0,0,0,0,0,0,0,0,0,0,0,0,0,0,0,0,0,0,0,0,0
74,Delta_Rushton_900RPM_170914_Pumplv2_b,9/14/2017 17:09,1.27,36.6,116,0,3000,48.1,0,0,0,0,0,0,0,0,0,0,0,0,0,0,0,0,0,0,0,0,0,0,0,0,0,0,0,0,0,0,0,1.71,1.71,1.65,1.53,1.35,1.15,0.97,0.85,0.78,0.74,0.73,0.73,0.74,0.78,0.84,0.93,1.03,1.14,1.23,1.31,1.37,1.4,1.42,1.44,1.47,1.54,1.66,1.86,2.13,2.49,2.92,3.38,3.85,4.27,4.6,4.81,4.88,4.82,4.65,4.39,4.08,3.71,3.3,2.8,2.22,1.55,0.88,0.21,0,0,0,0,0,0,0,0,0,0,0,0,0,0,0,0,0,0,0,0,0,0
75,Delta_Rushton_900RPM_170914_Pumplv2_b,9/14/2017 17:10,1.26,36.8,115,0,3000,48.1,0,0,0,0,0,0,0,0,0,0,0,0,0,0,0,0,0,0,0,0,0,0,0,0,0,0,0,0,0,0,0,1.72,1.72,1.66,1.53,1.35,1.15,0.96,0.83,0.76,0.73,0.72,0.73,0.76,0.8,0.87,0.96,1.06,1.16,1.25,1.32,1.37,1.4,1.41,1.42,1.45,1.51,1.63,1.82,2.1,2.45,2.87,3.33,3.8,4.23,4.58,4.81,4.91,4.87,4.72,4.47,4.16,3.78,3.34,2.81,2.2,1.51,0.83,0.14,0,0,0,0,0,0,0,0,0,0,0,0,0,0,0,0,0,0,0,0,0,0
76,Delta_Rushton_900RPM_170914_Pumplv2_b,9/14/2017 17:11,1.25,37,115,0,3000,48.1,0,0,0,0,0,0,0,0,0,0,0,0,0,0,0,0,0,0,0,0,0,0,0,0,0,0,0,0,0,0,0,1.76,1.75,1.68,1.55,1.35,1.14,0.95,0.82,0.75,0.73,0.73,0.75,0.78,0.83,0.9,0.99,1.08,1.16,1.24,1.29,1.33,1.35,1.36,1.38,1.41,1.49,1.62,1.83,2.11,2.46,2.87,3.32,3.76,4.17,4.5,4.73,4.85,4.85,4.76,4.57,4.29,3.93,3.46,2.89,2.22,1.49,0.75,0.03,0,0,0,0,0,0,0,0,0,0,0,0,0,0,0,0,0,0,0,0,0,0
77,Delta_Rushton_900RPM_170914_Pumplv2_b,9/14/2017 17:12,1.26,37.5,119,0,3000,49.3,0,0,0,0,0,0,0,0,0,0,0,0,0,0,0,0,0,0,0,0,0,0,0,0,0,0,0,0,0,0,0,1.76,1.74,1.67,1.53,1.34,1.13,0.95,0.82,0.75,0.72,0.72,0.74,0.77,0.82,0.88,0.97,1.06,1.16,1.24,1.31,1.36,1.39,1.4,1.41,1.43,1.48,1.59,1.76,2.02,2.37,2.79,3.25,3.73,4.17,4.53,4.78,4.89,4.87,4.72,4.47,4.14,3.76,3.33,2.85,2.29,1.67,1.04,0.42,0,0,0,0,0,0,0,0,0,0,0,0,0,0,0,0,0,0,0,0,0,0
78,Delta_Rushton_900RPM_170914_Pumplv2_b,9/14/2017 17:13,1.23,37.6,120,0,3000,49.7,0,0,0,0,0,0,0,0,0,0,0,0,0,0,0,0,0,0,0,0,0,0,0,0,0,0,0,0,0,0,0,1.82,1.79,1.71,1.55,1.34,1.12,0.93,0.81,0.75,0.73,0.73,0.74,0.77,0.81,0.87,0.95,1.04,1.13,1.21,1.27,1.32,1.36,1.38,1.4,1.44,1.5,1.61,1.79,2.05,2.38,2.79,3.24,3.7,4.14,4.5,4.75,4.86,4.83,4.68,4.43,4.11,3.75,3.34,2.88,2.35,1.73,1.12,0.51,0,0,0,0,0,0,0,0,0,0,0,0,0,0,0,0,0,0,0,0,0,0
79,Delta_Rushton_900RPM_170914_Pumplv2_b,9/14/2017 17:14,1.26,37.9,123,0,3000,50.8,0,0,0,0,0,0,0,0,0,0,0,0,0,0,0,0,0,0,0,0,0,0,0,0,0,0,0,0,0,0,0,1.73,1.72,1.66,1.53,1.35,1.15,0.96,0.83,0.76,0.73,0.73,0.75,0.78,0.83,0.9,0.97,1.06,1.15,1.23,1.29,1.34,1.37,1.37,1.38,1.39,1.44,1.54,1.72,1.99,2.34,2.77,3.23,3.69,4.1,4.43,4.65,4.74,4.71,4.59,4.38,4.12,3.82,3.46,3.04,2.52,1.9,1.23,0.6,0,0,0,0,0,0,0,0,0,0,0,0,0,0,0,0,0,0,0,0,0,0
80,Delta_Rushton_900RPM_170914_Pumplv2_b,9/14/2017 17:15,1.24,38.1,124,0,3000,50.9,0,0,0,0,0,0,0,0,0,0,0,0,0,0,0,0,0,0,0,0,0,0,0,0,0,0,0,0,0,0,0,1.78,1.76,1.68,1.55,1.36,1.15,0.97,0.84,0.77,0.74,0.74,0.75,0.78,0.82,0.88,0.95,1.03,1.12,1.2,1.27,1.32,1.35,1.37,1.38,1.4,1.44,1.54,1.71,1.96,2.31,2.73,3.21,3.69,4.13,4.48,4.72,4.81,4.76,4.6,4.35,4.06,3.74,3.39,3,2.53,1.95,1.3,0.65,0,0,0,0,0,0,0,0,0,0,0,0,0,0,0,0,0,0,0,0,0,0
81,Delta_Rushton_900RPM_170914_Pumplv2_b,9/14/2017 17:17,1.23,38.3,123,0,3000,50.8,0,0,0,0,0,0,0,0,0,0,0,0,0,0,0,0,0,0,0,0,0,0,0,0,0,0,0,0,0,0,0,1.8,1.76,1.68,1.55,1.36,1.16,0.98,0.86,0.79,0.76,0.75,0.76,0.78,0.81,0.87,0.94,1.02,1.1,1.18,1.24,1.29,1.33,1.34,1.36,1.38,1.44,1.54,1.71,1.97,2.31,2.73,3.19,3.66,4.1,4.45,4.7,4.81,4.8,4.67,4.45,4.16,3.83,3.45,3.01,2.48,1.87,1.22,0.6,0,0,0,0,0,0,0,0,0,0,0,0,0,0,0,0,0,0,0,0,0,0
82,Delta_Rushton_900RPM_170914_Pumplv2_b,9/14/2017 17:18,1.19,38,122,0,3000,50.3,0,0,0,0,0,0,0,0,0,0,0,0,0,0,0,0,0,0,0,0,0,0,0,0,0,0,0,0,0,0,0,1.9,1.85,1.75,1.58,1.36,1.14,0.95,0.84,0.78,0.76,0.76,0.78,0.8,0.84,0.9,0.97,1.05,1.13,1.2,1.25,1.29,1.31,1.32,1.33,1.36,1.42,1.52,1.7,1.96,2.31,2.72,3.19,3.66,4.11,4.48,4.73,4.85,4.83,4.69,4.44,4.13,3.77,3.37,2.92,2.4,1.8,1.2,0.6,0,0,0,0,0,0,0,0,0,0,0,0,0,0,0,0,0,0,0,0,0,0
83,Delta_Rushton_900RPM_170914_Pumplv2_b,9/14/2017 17:19,1.19,37.6,116,0,3000,48.6,0,0,0,0,0,0,0,0,0,0,0,0,0,0,0,0,0,0,0,0,0,0,0,0,0,0,0,0,0,0,0,1.84,1.81,1.74,1.59,1.39,1.18,0.99,0.86,0.8,0.78,0.79,0.83,0.87,0.93,1,1.07,1.13,1.18,1.22,1.24,1.25,1.25,1.26,1.27,1.31,1.39,1.52,1.71,1.98,2.32,2.73,3.18,3.64,4.08,4.46,4.74,4.91,4.95,4.86,4.65,4.33,3.92,3.42,2.84,2.2,1.52,0.86,0.21,0,0,0,0,0,0,0,0,0,0,0,0,0,0,0,0,0,0,0,0,0,0
84,Delta_Rushton_900RPM_170914_Pumplv2_b,9/14/2017 17:20,1.18,37.9,117,0,3000,48.9,0,0,0,0,0,0,0,0,0,0,0,0,0,0,0,0,0,0,0,0,0,0,0,0,0,0,0,0,0,0,0,1.84,1.83,1.75,1.61,1.41,1.19,1,0.87,0.81,0.8,0.81,0.84,0.88,0.92,0.98,1.03,1.09,1.14,1.18,1.2,1.23,1.24,1.26,1.28,1.33,1.4,1.53,1.72,1.97,2.3,2.69,3.13,3.58,4.01,4.4,4.69,4.88,4.95,4.89,4.71,4.41,4.01,3.51,2.92,2.25,1.53,0.85,0.17,0,0,0,0,0,0,0,0,0,0,0,0,0,0,0,0,0,0,0,0,0,0
85,Delta_Rushton_900RPM_170914_Pumplv2_b,9/14/2017 17:21,1.16,37.9,116,0,3000,48.9,0,0,0,0,0,0,0,0,0,0,0,0,0,0,0,0,0,0,0,0,0,0,0,0,0,0,0,0,0,0,0,1.89,1.86,1.78,1.63,1.42,1.19,1,0.87,0.81,0.79,0.81,0.84,0.87,0.92,0.97,1.02,1.07,1.11,1.15,1.19,1.22,1.24,1.27,1.3,1.34,1.41,1.53,1.7,1.95,2.28,2.67,3.12,3.6,4.06,4.47,4.78,4.97,5.01,4.91,4.67,4.32,3.88,3.37,2.81,2.2,1.55,0.92,0.28,0.01,0,0,0,0,0,0,0,0,0,0,0,0,0,0,0,0,0,0,0,0,0
86,Delta_Rushton_900RPM_170914_Pumplv2_b,9/14/2017 17:22,1.17,38.4,118,0,3000,49.6,0,0,0,0,0,0,0,0,0,0,0,0,0,0,0,0,0,0,0,0,0,0,0,0,0,0,0,0,0,0,0,1.85,1.84,1.76,1.62,1.42,1.2,1.01,0.87,0.81,0.79,0.8,0.84,0.88,0.94,0.99,1.05,1.1,1.14,1.17,1.2,1.22,1.23,1.24,1.26,1.3,1.36,1.47,1.64,1.89,2.22,2.62,3.08,3.56,4.04,4.45,4.77,4.96,5,4.9,4.67,4.33,3.91,3.42,2.88,2.28,1.64,1.01,0.37,0,0,0,0,0,0,0,0,0,0,0,0,0,0,0,0,0,0,0,0,0,0
87,Delta_Rushton_900RPM_170914_Pumplv2_b,9/14/2017 17:23,1.15,38.5,121,0,3000,50.2,0,0,0,0,0,0,0,0,0,0,0,0,0,0,0,0,0,0,0,0,0,0,0,0,0,0,0,0,0,0,0,1.91,1.87,1.78,1.63,1.42,1.2,1.01,0.88,0.82,0.8,0.81,0.83,0.87,0.91,0.97,1.02,1.07,1.11,1.15,1.18,1.2,1.22,1.23,1.25,1.29,1.36,1.47,1.65,1.9,2.23,2.63,3.08,3.55,4.01,4.42,4.72,4.89,4.92,4.82,4.59,4.28,3.89,3.45,2.95,2.39,1.76,1.13,0.49,0,0,0,0,0,0,0,0,0,0,0,0,0,0,0,0,0,0,0,0,0,0
88,Delta_Rushton_900RPM_170914_Pumplv2_b,9/14/2017 17:24,1.14,38.8,121,0,3000,50.5,0,0,0,0,0,0,0,0,0,0,0,0,0,0,0,0,0,0,0,0,0,0,0,0,0,0,0,0,0,0,0,1.9,1.87,1.79,1.64,1.44,1.22,1.03,0.89,0.82,0.8,0.8,0.82,0.85,0.88,0.92,0.97,1.02,1.08,1.12,1.16,1.19,1.22,1.23,1.26,1.29,1.36,1.48,1.66,1.91,2.23,2.62,3.05,3.51,3.96,4.35,4.65,4.83,4.89,4.83,4.66,4.38,4.03,3.59,3.07,2.46,1.77,1.08,0.39,0,0,0,0,0,0,0,0,0,0,0,0,0,0,0,0,0,0,0,0,0,0
89,Delta_Rushton_900RPM_170914_Pumplv2_b,9/14/2017 17:25,1.13,39.1,125,0,3000,51.6,0,0,0,0,0,0,0,0,0,0,0,0,0,0,0,0,0,0,0,0,0,0,0,0,0,0,0,0,0,0,0,1.95,1.91,1.81,1.65,1.43,1.2,1,0.87,0.8,0.78,0.79,0.82,0.85,0.89,0.93,0.98,1.02,1.07,1.11,1.14,1.17,1.2,1.22,1.24,1.28,1.35,1.46,1.64,1.89,2.21,2.61,3.05,3.52,3.97,4.35,4.63,4.78,4.8,4.7,4.51,4.26,3.95,3.59,3.15,2.6,1.95,1.3,0.64,0,0,0,0,0,0,0,0,0,0,0,0,0,0,0,0,0,0,0,0,0,0
90,Delta_Rushton_900RPM_170914_Pumplv2_b,9/14/2017 17:26,1.14,39.5,127,0,3000,52.3,0,0,0,0,0,0,0,0,0,0,0,0,0,0,0,0,0,0,0,0,0,0,0,0,0,0,0,0,0,0,0,1.96,1.92,1.81,1.63,1.4,1.16,0.97,0.85,0.79,0.78,0.8,0.83,0.87,0.91,0.96,1.01,1.06,1.11,1.15,1.18,1.19,1.2,1.21,1.22,1.24,1.3,1.41,1.59,1.84,2.17,2.57,3.01,3.48,3.92,4.29,4.56,4.71,4.73,4.65,4.48,4.26,4,3.68,3.28,2.75,2.09,1.36,0.67,0,0,0,0,0,0,0,0,0,0,0,0,0,0,0,0,0,0,0,0,0,0
91,Delta_Rushton_900RPM_170914_Pumplv2_b,9/14/2017 17:27,1.14,40.2,128,0,3000,52.8,0,0,0,0,0,0,0,0,0,0,0,0,0,0,0,0,0,0,0,0,0,0,0,0,0,0,0,0,0,0,0,1.99,1.93,1.81,1.62,1.39,1.15,0.95,0.83,0.78,0.77,0.79,0.83,0.86,0.9,0.95,0.99,1.03,1.07,1.11,1.14,1.16,1.17,1.18,1.2,1.23,1.29,1.4,1.57,1.82,2.15,2.54,2.99,3.45,3.89,4.26,4.54,4.7,4.75,4.7,4.56,4.37,4.12,3.8,3.38,2.82,2.12,1.35,0.57,0,0,0,0,0,0,0,0,0,0,0,0,0,0,0,0,0,0,0,0,0,0
